DATE;TIME;VOLUME;OPEN;CLOSE;MIN;MAX
05/12/1986;00:00:01;0;.9839;.9813;.9737;.9894
05/19/1986;00:00:01;0;.9775;.96195;.9539;.9827
05/26/1986;00:00:01;0;.9555;.9404;.9359;.9581
06/02/1986;00:00:01;0;.94515;.9385;.9179;.9487
06/09/1986;00:00:01;0;.9456;.96075;.9416;.9681
06/16/1986;00:00:01;0;.9693;.9629;.9591;.9766
06/23/1986;00:00:01;0;.95975;.96215;.942;.9652
06/30/1986;00:00:01;0;.96645;.98135;.9629;.9842
07/07/1986;00:00:01;0;.9792;.98395;.9766;.9898
07/14/1986;00:00:01;0;.98065;.9811;.97;.9861
07/21/1986;00:00:01;0;.98655;.9941;.9842;.9998
07/28/1986;00:00:01;0;.99055;.99765;.9827;1.0012
08/04/1986;00:00:01;0;.99955;1.00575;.996;1.0135
08/11/1986;00:00:01;0;1.01165;1.0161;1.0093;1.023
08/18/1986;00:00:01;0;1.01615;1.01895;1.0135;1.0244
08/25/1986;00:00:01;0;1.02655;1.02415;1.0211;1.0292
09/01/1986;00:00:01;0;1.0211;1.03225;1.0178;1.0344
09/08/1986;00:00:01;0;1.03105;1.01635;1.0126;1.0362
09/15/1986;00:00:01;0;1.01735;1.02205;.9977;1.0247
09/22/1986;00:00:01;0;1.0249;1.02095;1.0162;1.0474
09/29/1986;00:00:01;0;1.0207;1.02755;1.0152;1.0318
10/06/1986;00:00:01;0;1.02495;1.03655;1.0233;1.0432
10/13/1986;00:00:01;0;1.0353;1.046;1.0332;1.0498
10/20/1986;00:00:01;0;1.0477;1.0398;1.0374;1.0503
10/27/1986;00:00:01;0;1.0441;1.0216;1.0133;1.046
11/03/1986;00:00:01;0;1.02305;1.01125;1.0024;1.0285
11/10/1986;00:00:01;0;1.01195;1.0202;1.0029;1.0233
11/17/1986;00:00:01;0;1.0242;1.0273;1.0199;1.0341
11/24/1986;00:00:01;0;1.0299;1.03395;1.0233;1.0394
12/01/1986;00:00:01;0;1.0403;1.0486;1.0374;1.0554
12/08/1986;00:00:01;0;1.0453;1.02895;1.0247;1.0512
12/15/1986;00:00:01;0;1.0285;1.0266;1.0214;1.0323
12/22/1986;00:00:01;0;1.028;1.0472;1.0266;1.0512
12/29/1986;00:00:01;0;1.0493;1.0576;1.0474;1.0617
01/05/1987;00:00:01;0;1.06755;1.07475;1.0607;1.0834
01/12/1987;00:00:01;0;1.0772;1.08145;1.0677;1.0909
01/19/1987;00:00:01;0;1.0968;1.13715;1.0921;1.1411
01/26/1987;00:00:01;0;1.12355;1.1324;1.1113;1.1387
02/02/1987;00:00:01;0;1.1346;1.13235;1.1219;1.163
02/09/1987;00:00:01;0;1.1477;1.11895;1.1034;1.1524
02/16/1987;00:00:01;0;1.1387;1.1355;1.1234;1.1474
02/23/1987;00:00:01;0;1.1378;1.1299;1.1093;1.1399
03/02/1987;00:00:01;0;1.1241;1.1322;1.1203;1.1382
03/09/1987;00:00:01;0;1.1293;1.1215;1.1188;1.134
03/16/1987;00:00:01;0;1.1187;1.12605;1.1117;1.129
03/23/1987;00:00:01;0;1.13145;1.14025;1.1285;1.1414
03/30/1987;00:00:01;0;1.14185;1.1502;1.1321;1.1539
04/06/1987;00:00:01;0;1.1483;1.1363;1.1331;1.152
04/13/1987;00:00:01;0;1.1367;1.14845;1.1285;1.1512
04/20/1987;00:00:01;0;1.1535;1.1454;1.1402;1.157
04/27/1987;00:00:01;0;1.1426;1.1626;1.1384;1.1677
05/04/1987;00:00:01;0;1.1604;1.16745;1.1512;1.1703
05/11/1987;00:00:01;0;1.1697;1.1563;1.153;1.175
05/18/1987;00:00:01;0;1.15975;1.1656;1.155;1.1698
05/25/1987;00:00:01;0;1.1676;1.1646;1.1622;1.1742
06/01/1987;00:00:01;0;1.15105;1.1336;1.1284;1.1607
06/08/1987;00:00:01;0;1.14485;1.14705;1.1322;1.1575
06/15/1987;00:00:01;0;1.1552;1.14285;1.1358;1.1624
06/22/1987;00:00:01;0;1.13935;1.12905;1.1265;1.1432
06/29/1987;00:00:01;0;1.1271;1.13225;1.1218;1.1419
07/06/1987;00:00:01;0;1.13375;1.12775;1.1249;1.1395
07/13/1987;00:00:01;0;1.1287;1.12405;1.1204;1.1318
07/20/1987;00:00:01;0;1.12465;1.1156;1.1118;1.1374
07/27/1987;00:00:01;0;1.11625;1.11975;1.1123;1.1226
08/03/1987;00:00:01;0;1.11785;1.1108;1.105;1.1204
08/10/1987;00:00:01;0;1.10255;1.0955;1.0925;1.1081
08/17/1987;00:00:01;0;1.09385;1.1063;1.0902;1.11
08/24/1987;00:00:01;0;1.1189;1.13785;1.1107;1.1489
08/31/1987;00:00:01;0;1.1358;1.1415;1.1284;1.1466
09/07/1987;00:00:01;0;1.1438;1.15405;1.1411;1.1584
09/14/1987;00:00:01;0;1.15605;1.14335;1.1379;1.1582
09/21/1987;00:00:01;0;1.14195;1.1456;1.1379;1.1507
09/28/1987;00:00:01;0;1.14195;1.13715;1.1342;1.146
10/05/1987;00:00:01;0;1.1312;1.12615;1.1227;1.1356
10/12/1987;00:00:01;0;1.13055;1.14445;1.1273;1.1474
10/19/1987;00:00:01;0;1.14175;1.168;1.1379;1.171
10/26/1987;00:00:01;0;1.15045;1.1678;1.14;1.1734
11/02/1987;00:00:01;0;1.1723;1.2002;1.1659;1.2069
11/09/1987;00:00:01;0;1.20325;1.23705;1.1963;1.2433
11/16/1987;00:00:01;0;1.2386;1.2134;1.2125;1.2488
11/23/1987;00:00:01;0;1.2165;1.23425;1.2115;1.2419
11/30/1987;00:00:01;0;1.2289;1.2575;1.222;1.2625
12/07/1987;00:00:01;0;1.2509;1.234;1.2294;1.2581
12/14/1987;00:00:01;0;1.23675;1.26685;1.2321;1.2708
12/21/1987;00:00:01;0;1.2659;1.2657;1.2588;1.2754
12/28/1987;00:00:01;0;1.2671;1.28955;1.2558;1.2949
01/04/1988;00:00:01;0;1.2914;1.30425;1.2865;1.3122
01/11/1988;00:00:01;0;1.2791;1.26;1.2368;1.2967
01/18/1988;00:00:01;0;1.26185;1.2231;1.2178;1.2718
01/25/1988;00:00:01;0;1.23015;1.23225;1.2242;1.2505
02/01/1988;00:00:01;0;1.23235;1.22305;1.2184;1.2412
02/08/1988;00:00:01;0;1.225;1.21415;1.2099;1.2313
02/15/1988;00:00:01;0;1.21425;1.20665;1.196;1.2239
02/22/1988;00:00:01;0;1.2078;1.2147;1.2026;1.2192
02/29/1988;00:00:01;0;1.2197;1.22395;1.2143;1.2263
03/07/1988;00:00:01;0;1.2233;1.2289;1.2169;1.2369
03/14/1988;00:00:01;0;1.2383;1.24635;1.2322;1.2499
03/21/1988;00:00:01;0;1.2421;1.22555;1.2194;1.2454
03/28/1988;00:00:01;0;1.226;1.2457;1.2219;1.2529
04/04/1988;00:00:01;0;1.24615;1.2554;1.2396;1.2586
04/11/1988;00:00:01;0;1.24705;1.234;1.2284;1.2521
04/18/1988;00:00:01;0;1.2301;1.2497;1.2219;1.2536
04/25/1988;00:00:01;0;1.24755;1.239;1.2364;1.2501
05/02/1988;00:00:01;0;1.24;1.2342;1.2315;1.2446
05/09/1988;00:00:01;0;1.23585;1.234;1.2297;1.2379
05/16/1988;00:00:01;0;1.237;1.2327;1.2297;1.2401
05/23/1988;00:00:01;0;1.22525;1.22315;1.2146;1.2359
05/30/1988;00:00:01;0;1.2127;1.20995;1.1996;1.226
06/06/1988;00:00:01;0;1.2062;1.2053;1.1964;1.2106
06/13/1988;00:00:01;0;1.21055;1.20475;1.2024;1.2127
06/20/1988;00:00:01;0;1.19625;1.18305;1.1798;1.2056
06/27/1988;00:00:01;0;1.1825;1.1388;1.1349;1.1848
07/04/1988;00:00:01;0;1.14525;1.13525;1.133;1.1549
07/11/1988;00:00:01;0;1.1377;1.1272;1.124;1.1459
07/18/1988;00:00:01;0;1.1288;1.1031;1.0971;1.1315
07/25/1988;00:00:01;0;1.1157;1.1341;1.1096;1.1427
08/01/1988;00:00:01;0;1.12365;1.11155;1.1066;1.1296
08/08/1988;00:00:01;0;1.1156;1.09795;1.0945;1.1214
08/15/1988;00:00:01;0;1.09365;1.1086;1.0838;1.1134
08/22/1988;00:00:01;0;1.10905;1.0884;1.0827;1.1186
08/29/1988;00:00:01;0;1.0912;1.1101;1.0861;1.1195
09/05/1988;00:00:01;0;1.1101;1.11675;1.1023;1.1197
09/12/1988;00:00:01;0;1.12055;1.1201;1.1152;1.1259
09/19/1988;00:00:01;0;1.1202;1.10745;1.0997;1.1233
09/26/1988;00:00:01;0;1.10935;1.0991;1.0955;1.1116
10/03/1988;00:00:01;0;1.10235;1.1117;1.0997;1.1145
10/10/1988;00:00:01;0;1.1137;1.11665;1.1091;1.1186
10/17/1988;00:00:01;0;1.12005;1.1457;1.117;1.1499
10/24/1988;00:00:01;0;1.14365;1.15755;1.1384;1.1631
10/31/1988;00:00:01;0;1.1546;1.16515;1.1512;1.1732
11/07/1988;00:00:01;0;1.1595;1.16055;1.1536;1.1718
11/14/1988;00:00:01;0;1.1627;1.18855;1.1497;1.1944
11/21/1988;00:00:01;0;1.1868;1.19555;1.1839;1.2084
11/28/1988;00:00:01;0;1.20125;1.19835;1.1942;1.2117
12/05/1988;00:00:01;0;1.19805;1.20625;1.1928;1.2084
12/12/1988;00:00:01;0;1.20145;1.1931;1.1798;1.2068
12/19/1988;00:00:01;0;1.1889;1.18055;1.1742;1.1959
12/26/1988;00:00:01;0;1.172;1.17125;1.1652;1.1788
01/02/1989;00:00:01;0;1.17085;1.17355;1.1553;1.1753
01/09/1989;00:00:01;0;1.17805;1.14275;1.1349;1.1825
01/16/1989;00:00:01;0;1.1394;1.12705;1.1219;1.1468
01/23/1989;00:00:01;0;1.1278;1.13455;1.1116;1.1412
01/30/1989;00:00:01;0;1.1373;1.1197;1.1161;1.1442
02/06/1989;00:00:01;0;1.117;1.10925;1.1039;1.1228
02/13/1989;00:00:01;0;1.1114;1.11645;1.1048;1.1352
02/20/1989;00:00:01;0;1.1253;1.13295;1.1187;1.1387
02/27/1989;00:00:01;0;1.1279;1.14155;1.1228;1.1463
03/06/1989;00:00:01;0;1.1373;1.12485;1.1201;1.1408
03/13/1989;00:00:01;0;1.1206;1.11515;1.1128;1.1233
03/20/1989;00:00:01;0;1.11715;1.11085;1.1072;1.1204
03/27/1989;00:00:01;0;1.11295;1.10715;1.1039;1.1171
04/03/1989;00:00:01;0;1.1064;1.10235;1.0937;1.1156
04/10/1989;00:00:01;0;1.10955;1.1069;1.1031;1.116
04/17/1989;00:00:01;0;1.10555;1.11905;1.1024;1.1209
04/24/1989;00:00:01;0;1.11935;1.12015;1.1152;1.1268
05/01/1989;00:00:01;0;1.1157;1.1026;1.0993;1.1192
05/08/1989;00:00:01;0;1.10215;1.09315;1.088;1.1052
05/15/1989;00:00:01;0;1.08885;1.07505;1.0686;1.0983
05/22/1989;00:00:01;0;1.07415;1.0444;1.0324;1.0774
05/29/1989;00:00:01;0;1.0347;1.0351;1.0279;1.0634
06/05/1989;00:00:01;0;1.036;1.0569;1.0279;1.07
06/12/1989;00:00:01;0;1.0465;1.02475;1.0199;1.0573
06/19/1989;00:00:01;0;1.0258;1.04305;1.0114;1.0497
06/26/1989;00:00:01;0;1.0466;1.05665;1.0379;1.0704
07/03/1989;00:00:01;0;1.05915;1.0646;1.0491;1.0731
07/10/1989;00:00:01;0;1.07595;1.1094;1.0719;1.1148
07/17/1989;00:00:01;0;1.10095;1.0837;1.0789;1.1052
07/24/1989;00:00:01;0;1.08665;1.08935;1.0759;1.0974
07/31/1989;00:00:01;0;1.09675;1.11055;1.0914;1.1156
08/07/1989;00:00:01;0;1.1147;1.08355;1.0789;1.1219
08/14/1989;00:00:01;0;1.09015;1.0664;1.0607;1.099
08/21/1989;00:00:01;0;1.06655;1.05925;1.0515;1.0711
08/28/1989;00:00:01;0;1.06505;1.05835;1.0542;1.0713
09/04/1989;00:00:01;0;1.06615;1.0485;1.0464;1.0747
09/11/1989;00:00:01;0;1.0457;1.042;1.0372;1.0522
09/18/1989;00:00:01;0;1.04595;1.0579;1.0359;1.0659
09/25/1989;00:00:01;0;1.06095;1.08855;1.0573;1.0917
10/02/1989;00:00:01;0;1.0899;1.09945;1.0829;1.1067
10/09/1989;00:00:01;0;1.0946;1.0894;1.0824;1.1042
10/16/1989;00:00:01;0;1.08315;1.10475;1.0682;1.114
10/23/1989;00:00:01;0;1.1043;1.10805;1.0973;1.116
10/30/1989;00:00:01;0;1.1146;1.1148;1.1014;1.1218
11/06/1989;00:00:01;0;1.11395;1.1081;1.105;1.118
11/13/1989;00:00:01;0;1.1118;1.10365;1.1005;1.1172
11/20/1989;00:00:01;0;1.11305;1.1121;1.1055;1.1206
11/27/1989;00:00:01;0;1.1197;1.1362;1.1125;1.1394
12/04/1989;00:00:01;0;1.13935;1.14045;1.131;1.1477
12/11/1989;00:00:01;0;1.1417;1.1526;1.137;1.1572
12/18/1989;00:00:01;0;1.1625;1.17595;1.1525;1.189
12/25/1989;00:00:01;0;1.1707;1.18305;1.1618;1.1901
01/01/1990;00:00:01;0;1.19245;1.1895;1.1845;1.2035
01/08/1990;00:00:01;0;1.1897;1.2047;1.1685;1.2169
01/15/1990;00:00:01;0;1.207;1.2049;1.199;1.2181
01/22/1990;00:00:01;0;1.19635;1.1828;1.1788;1.2096
01/29/1990;00:00:01;0;1.192;1.21285;1.1815;1.2182
02/05/1990;00:00:01;0;1.2162;1.22125;1.2052;1.23
02/12/1990;00:00:01;0;1.2285;1.21915;1.2146;1.2321
02/19/1990;00:00:01;0;1.21275;1.2171;1.201;1.2222
02/26/1990;00:00:01;0;1.22035;1.2109;1.2073;1.2281
03/05/1990;00:00:01;0;1.21095;1.19845;1.187;1.2142
03/12/1990;00:00:01;0;1.20195;1.1917;1.1875;1.2067
03/19/1990;00:00:01;0;1.1886;1.208;1.1837;1.2115
03/26/1990;00:00:01;0;1.20075;1.1934;1.187;1.2092
04/02/1990;00:00:01;0;1.19405;1.2007;1.1905;1.2127
04/09/1990;00:00:01;0;1.2028;1.2087;1.2006;1.2109
04/16/1990;00:00:01;0;1.2144;1.2166;1.2075;1.224
04/23/1990;00:00:01;0;1.21625;1.2065;1.2037;1.2231
04/30/1990;00:00:01;0;1.20575;1.21775;1.2022;1.2221
05/07/1990;00:00:01;0;1.21635;1.2344;1.213;1.2393
05/14/1990;00:00:01;0;1.236;1.2437;1.2332;1.2537
05/21/1990;00:00:01;0;1.2429;1.2373;1.2314;1.2517
05/28/1990;00:00:01;0;1.23015;1.2247;1.2174;1.2355
06/04/1990;00:00:01;0;1.22755;1.2122;1.2057;1.2311
06/11/1990;00:00:01;0;1.21565;1.2146;1.209;1.2221
06/18/1990;00:00:01;0;1.2186;1.22475;1.2105;1.232
06/25/1990;00:00:01;0;1.2313;1.23075;1.225;1.2353
07/02/1990;00:00:01;0;1.2316;1.24395;1.2273;1.2488
07/09/1990;00:00:01;0;1.2477;1.25475;1.2448;1.2585
07/16/1990;00:00:01;0;1.2594;1.25395;1.2452;1.265
07/23/1990;00:00:01;0;1.25315;1.2685;1.2488;1.2735
07/30/1990;00:00:01;0;1.27445;1.28745;1.2712;1.2906
08/06/1990;00:00:01;0;1.296;1.3101;1.279;1.3195
08/13/1990;00:00:01;0;1.3147;1.3165;1.297;1.3202
08/20/1990;00:00:01;0;1.3189;1.33115;1.3135;1.3385
08/27/1990;00:00:01;0;1.32675;1.34075;1.319;1.346
09/03/1990;00:00:01;0;1.3395;1.3172;1.3051;1.3435
09/10/1990;00:00:01;0;1.31045;1.31625;1.3055;1.334
09/17/1990;00:00:01;0;1.31005;1.3266;1.2956;1.3344
09/24/1990;00:00:01;0;1.3357;1.3212;1.3105;1.3414
10/01/1990;00:00:01;0;1.3281;1.32455;1.3115;1.3332
10/08/1990;00:00:01;0;1.3257;1.3459;1.3204;1.3528
10/15/1990;00:00:01;0;1.35925;1.36005;1.3495;1.3679
10/22/1990;00:00:01;0;1.3609;1.36975;1.3535;1.3849
10/29/1990;00:00:01;0;1.36325;1.37025;1.3585;1.375
11/05/1990;00:00:01;0;1.36175;1.38525;1.3563;1.3895
11/12/1990;00:00:01;0;1.3886;1.39235;1.3805;1.3977
11/19/1990;00:00:01;0;1.394;1.3994;1.3875;1.4021
11/26/1990;00:00:01;0;1.3957;1.38665;1.3822;1.3997
12/03/1990;00:00:01;0;1.39025;1.36975;1.3605;1.398
12/10/1990;00:00:01;0;1.36635;1.3977;1.3588;1.4024
12/17/1990;00:00:01;0;1.39105;1.384;1.376;1.3956
12/24/1990;00:00:01;0;1.3784;1.3457;1.3334;1.388
12/31/1990;00:00:01;0;1.3457;1.36395;1.3335;1.37
01/07/1991;00:00:01;0;1.36395;1.34885;1.336;1.382
01/14/1991;00:00:01;0;1.341;1.3379;1.3315;1.3635
01/21/1991;00:00:01;0;1.33945;1.37365;1.332;1.3832
01/28/1991;00:00:01;0;1.38115;1.3835;1.3715;1.392
02/04/1991;00:00:01;0;1.3881;1.40275;1.3742;1.4088
02/11/1991;00:00:01;0;1.40445;1.41455;1.4019;1.4212
02/18/1991;00:00:01;0;1.4144;1.3901;1.386;1.4188
02/25/1991;00:00:01;0;1.38545;1.35975;1.3522;1.3913
03/04/1991;00:00:01;0;1.35625;1.33485;1.3304;1.366
03/11/1991;00:00:01;0;1.3406;1.30285;1.2955;1.3462
03/18/1991;00:00:01;0;1.3075;1.2734;1.264;1.3133
03/25/1991;00:00:01;0;1.25085;1.23715;1.2288;1.2702
04/01/1991;00:00:01;0;1.2168;1.2114;1.1967;1.2272
04/08/1991;00:00:01;0;1.2245;1.2194;1.21;1.2447
04/15/1991;00:00:01;0;1.2262;1.233;1.2157;1.2428
04/22/1991;00:00:01;0;1.23755;1.17785;1.1687;1.2425
04/29/1991;00:00:01;0;1.17675;1.1676;1.156;1.1897
05/06/1991;00:00:01;0;1.17655;1.18365;1.1548;1.216
05/13/1991;00:00:01;0;1.19195;1.19825;1.1793;1.2052
05/20/1991;00:00:01;0;1.20495;1.18285;1.1677;1.2224
05/27/1991;00:00:01;0;1.1938;1.20575;1.1855;1.2085
06/03/1991;00:00:01;0;1.205;1.17685;1.1702;1.2129
06/10/1991;00:00:01;0;1.17785;1.16125;1.1578;1.1834
06/17/1991;00:00:01;0;1.16145;1.14235;1.1381;1.166
06/24/1991;00:00:01;0;1.13685;1.14095;1.126;1.1543
07/01/1991;00:00:01;0;1.14605;1.12985;1.1227;1.1531
07/08/1991;00:00:01;0;1.1226;1.13285;1.116;1.1377
07/15/1991;00:00:01;0;1.13235;1.1461;1.1177;1.151
07/22/1991;00:00:01;0;1.14405;1.17195;1.1402;1.1792
07/29/1991;00:00:01;0;1.16605;1.1724;1.1596;1.1856
08/05/1991;00:00:01;0;1.174;1.18785;1.1615;1.1951
08/12/1991;00:00:01;0;1.19765;1.18585;1.1815;1.2053
08/19/1991;00:00:01;0;1.18655;1.1462;1.1264;1.1909
08/26/1991;00:00:01;0;1.13645;1.17395;1.1264;1.1892
09/02/1991;00:00:01;0;1.175;1.17595;1.1668;1.1875
09/09/1991;00:00:01;0;1.18;1.1989;1.1767;1.2139
09/16/1991;00:00:01;0;1.21155;1.218;1.2025;1.2258
09/23/1991;00:00:01;0;1.2245;1.2222;1.205;1.2283
09/30/1991;00:00:01;0;1.221;1.2305;1.2094;1.2339
10/07/1991;00:00:01;0;1.2271;1.22385;1.2147;1.2336
10/14/1991;00:00:01;0;1.2108;1.2085;1.1965;1.2209
10/21/1991;00:00:01;0;1.2;1.21145;1.1953;1.2154
10/28/1991;00:00:01;0;1.2068;1.19735;1.19;1.2099
11/04/1991;00:00:01;0;1.2048;1.24885;1.1914;1.2558
11/11/1991;00:00:01;0;1.2461;1.2418;1.2375;1.2577
11/18/1991;00:00:01;0;1.24595;1.26815;1.2402;1.2754
11/25/1991;00:00:01;0;1.27375;1.28265;1.2653;1.2878
12/02/1991;00:00:01;0;1.26945;1.2639;1.245;1.2882
12/09/1991;00:00:01;0;1.2622;1.29095;1.2587;1.296
12/16/1991;00:00:01;0;1.29095;1.2883;1.2752;1.2997
12/23/1991;00:00:01;0;1.2941;1.3345;1.289;1.345
12/30/1991;00:00:01;0;1.33285;1.335;1.3289;1.349
01/06/1992;00:00:01;0;1.3361;1.332;1.3129;1.3447
01/13/1992;00:00:01;0;1.34345;1.2909;1.2812;1.3525
01/20/1992;00:00:01;0;1.28695;1.28355;1.2462;1.2997
01/27/1992;00:00:01;0;1.2856;1.26925;1.262;1.2916
02/03/1992;00:00:01;0;1.2729;1.27505;1.2597;1.2892
02/10/1992;00:00:01;0;1.28065;1.30155;1.274;1.3109
02/17/1992;00:00:01;0;1.2879;1.2645;1.253;1.2976
02/24/1992;00:00:01;0;1.24915;1.2367;1.2297;1.2603
03/02/1992;00:00:01;0;1.2429;1.24765;1.228;1.255
03/09/1992;00:00:01;0;1.2385;1.2286;1.2176;1.2458
03/16/1992;00:00:01;0;1.22765;1.2252;1.2182;1.2333
03/23/1992;00:00:01;0;1.2348;1.22265;1.2125;1.2425
03/30/1992;00:00:01;0;1.2266;1.2399;1.222;1.2462
04/06/1992;00:00:01;0;1.24195;1.25495;1.2314;1.2619
04/13/1992;00:00:01;0;1.25635;1.24255;1.2357;1.2667
04/20/1992;00:00:01;0;1.2431;1.2285;1.2244;1.248
04/27/1992;00:00:01;0;1.23035;1.23985;1.227;1.2454
05/04/1992;00:00:01;0;1.2384;1.2472;1.2348;1.2512
05/11/1992;00:00:01;0;1.2486;1.2511;1.2432;1.2626
05/18/1992;00:00:01;0;1.2606;1.283;1.253;1.2888
05/25/1992;00:00:01;0;1.2865;1.27215;1.2652;1.2937
06/01/1992;00:00:01;0;1.2715;1.2808;1.2538;1.2882
06/08/1992;00:00:01;0;1.2791;1.2874;1.2655;1.2927
06/15/1992;00:00:01;0;1.2896;1.30195;1.2808;1.3063
06/22/1992;00:00:01;0;1.303;1.3046;1.2929;1.3107
06/29/1992;00:00:01;0;1.3097;1.34205;1.307;1.3524
07/06/1992;00:00:01;0;1.3463;1.3463;1.3365;1.3627
07/13/1992;00:00:01;0;1.3524;1.3777;1.3446;1.3842
07/20/1992;00:00:01;0;1.382;1.3822;1.3592;1.4052
07/27/1992;00:00:01;0;1.3645;1.3666;1.352;1.3782
08/03/1992;00:00:01;0;1.377;1.38065;1.3672;1.3862
08/10/1992;00:00:01;0;1.3831;1.38835;1.37;1.3932
08/17/1992;00:00:01;0;1.392;1.3852;1.3777;1.3979
08/24/1992;00:00:01;0;1.385;1.43585;1.385;1.4482
08/31/1992;00:00:01;0;1.442;1.43655;1.426;1.4494
09/07/1992;00:00:01;0;1.441;1.4434;1.41;1.4576
09/14/1992;00:00:01;0;1.445;1.3585;1.345;1.4577
09/21/1992;00:00:01;0;1.36;1.31585;1.265;1.3744
09/28/1992;00:00:01;0;1.324;1.33685;1.2835;1.3587
10/05/1992;00:00:01;0;1.3532;1.3763;1.345;1.399
10/12/1992;00:00:01;0;1.36;1.3277;1.3075;1.3676
10/19/1992;00:00:01;0;1.322;1.3102;1.2987;1.3495
10/26/1992;00:00:01;0;1.3;1.27965;1.27;1.3095
11/02/1992;00:00:01;0;1.279;1.26085;1.2492;1.286
11/09/1992;00:00:01;0;1.2554;1.2345;1.2278;1.2667
11/16/1992;00:00:01;0;1.2248;1.24175;1.2229;1.2572
11/23/1992;00:00:01;0;1.235;1.22005;1.2127;1.2502
11/30/1992;00:00:01;0;1.2263;1.2247;1.2175;1.2369
12/07/1992;00:00:01;0;1.2319;1.2475;1.226;1.2627
12/14/1992;00:00:01;0;1.2616;1.2486;1.2355;1.2658
12/21/1992;00:00:01;0;1.2492;1.24635;1.243;1.266
12/28/1992;00:00:01;0;1.2448;1.2116;1.2022;1.245
01/04/1993;00:00:01;0;1.206;1.1956;1.1872;1.2125
01/11/1993;00:00:01;0;1.1916;1.20345;1.188;1.2092
01/18/1993;00:00:01;0;1.2045;1.20855;1.1986;1.2171
01/25/1993;00:00:01;0;1.2162;1.2371;1.2122;1.248
02/01/1993;00:00:01;0;1.2436;1.2005;1.1905;1.2495
02/08/1993;00:00:01;0;1.1932;1.179;1.1707;1.2001
02/15/1993;00:00:01;0;1.1772;1.1724;1.1685;1.1865
02/22/1993;00:00:01;0;1.1705;1.18835;1.1705;1.1975
03/01/1993;00:00:01;0;1.1926;1.1754;1.1705;1.1986
03/08/1993;00:00:01;0;1.1727;1.1688;1.162;1.1893
03/15/1993;00:00:01;0;1.168;1.16475;1.1603;1.1721
03/22/1993;00:00:01;0;1.166;1.18155;1.162;1.1899
03/29/1993;00:00:01;0;1.1835;1.18905;1.1785;1.1931
04/05/1993;00:00:01;0;1.1921;1.21365;1.188;1.2219
04/12/1993;00:00:01;0;1.2159;1.21675;1.2;1.2235
04/19/1993;00:00:01;0;1.222;1.21345;1.2045;1.234
04/26/1993;00:00:01;0;1.2183;1.24025;1.209;1.248
05/03/1993;00:00:01;0;1.2435;1.231;1.2245;1.245
05/10/1993;00:00:01;0;1.2345;1.2248;1.214;1.2473
05/17/1993;00:00:01;0;1.215;1.2127;1.2035;1.2184
05/24/1993;00:00:01;0;1.209;1.1989;1.193;1.2157
05/31/1993;00:00:01;0;1.1975;1.2241;1.1935;1.2296
06/07/1993;00:00:01;0;1.2273;1.2026;1.1975;1.2306
06/14/1993;00:00:01;0;1.2055;1.20315;1.1915;1.2081
06/21/1993;00:00:01;0;1.2012;1.1606;1.156;1.2054
06/28/1993;00:00:01;0;1.1607;1.1483;1.1411;1.1631
07/05/1993;00:00:01;0;1.1535;1.1526;1.142;1.1625
07/12/1993;00:00:01;0;1.1535;1.1297;1.1242;1.1541
07/19/1993;00:00:01;0;1.1269;1.13685;1.121;1.1416
07/26/1993;00:00:01;0;1.1401;1.1267;1.1232;1.1487
08/02/1993;00:00:01;0;1.1266;1.0957;1.0812;1.132
08/09/1993;00:00:01;0;1.106;1.1231;1.102;1.13
08/16/1993;00:00:01;0;1.1185;1.12005;1.1061;1.1289
08/23/1993;00:00:01;0;1.1272;1.137;1.122;1.143
08/30/1993;00:00:01;0;1.1339;1.1385;1.1272;1.1438
09/06/1993;00:00:01;0;1.1383;1.16945;1.1345;1.1757
09/13/1993;00:00:01;0;1.17;1.18635;1.165;1.1922
09/20/1993;00:00:01;0;1.1835;1.1773;1.1727;1.1987
09/27/1993;00:00:01;0;1.181;1.1675;1.1507;1.1862
10/04/1993;00:00:01;0;1.1685;1.1596;1.148;1.1815
10/11/1993;00:00:01;0;1.1685;1.1792;1.1622;1.1816
10/18/1993;00:00:01;0;1.178;1.16;1.1535;1.1881
10/25/1993;00:00:01;0;1.1527;1.14095;1.1344;1.1609
11/01/1993;00:00:01;0;1.1345;1.13;1.126;1.1445
11/08/1993;00:00:01;0;1.128;1.1354;1.125;1.1388
11/15/1993;00:00:01;0;1.1355;1.13455;1.126;1.1388
11/22/1993;00:00:01;0;1.1314;1.12275;1.1177;1.1332
11/29/1993;00:00:01;0;1.1248;1.12235;1.1187;1.1311
12/06/1993;00:00:01;0;1.1257;1.12685;1.113;1.1347
12/13/1993;00:00:01;0;1.1345;1.13315;1.127;1.1383
12/20/1993;00:00:01;0;1.1291;1.1277;1.1224;1.1325
12/27/1993;00:00:01;0;1.1289;1.1351;1.128;1.1423
01/03/1994;00:00:01;0;1.1352;1.1136;1.1105;1.1375
01/10/1994;00:00:01;0;1.1117;1.1184;1.1102;1.1223
01/17/1994;00:00:01;0;1.1154;1.1071;1.1042;1.1184
01/24/1994;00:00:01;0;1.1089;1.10855;1.1065;1.1185
01/31/1994;00:00:01;0;1.1104;1.1173;1.1075;1.1265
02/07/1994;00:00:01;0;1.1207;1.10585;1.103;1.126
02/14/1994;00:00:01;0;1.1069;1.1152;1.1005;1.125
02/21/1994;00:00:01;0;1.1132;1.1247;1.1129;1.1305
02/28/1994;00:00:01;0;1.1204;1.13125;1.115;1.1358
03/07/1994;00:00:01;0;1.1325;1.12525;1.122;1.1393
03/14/1994;00:00:01;0;1.1261;1.1439;1.1242;1.1528
03/21/1994;00:00:01;0;1.1429;1.13625;1.132;1.15
03/28/1994;00:00:01;0;1.1411;1.1522;1.139;1.1583
04/04/1994;00:00:01;0;1.1524;1.1368;1.1335;1.159
04/11/1994;00:00:01;0;1.1364;1.1316;1.124;1.1407
04/18/1994;00:00:01;0;1.1304;1.12785;1.1232;1.1335
04/25/1994;00:00:01;0;1.1327;1.14765;1.13;1.1501
05/02/1994;00:00:01;0;1.1467;1.16875;1.1442;1.1737
05/09/1994;00:00:01;0;1.1699;1.16095;1.1495;1.1793
05/16/1994;00:00:01;0;1.1646;1.15165;1.1464;1.1646
05/23/1994;00:00:01;0;1.1514;1.1695;1.151;1.1735
05/30/1994;00:00:01;0;1.1702;1.17025;1.1634;1.1733
06/06/1994;00:00:01;0;1.1707;1.15435;1.1516;1.1733
06/13/1994;00:00:01;0;1.1548;1.16585;1.1525;1.1727
06/20/1994;00:00:01;0;1.1718;1.19505;1.1692;1.2009
06/27/1994;00:00:01;0;1.1985;1.21325;1.1905;1.218
07/04/1994;00:00:01;0;1.209;1.1965;1.1907;1.2171
07/11/1994;00:00:01;0;1.1978;1.2373;1.1974;1.2505
07/18/1994;00:00:01;0;1.2475;1.23485;1.224;1.2568
07/25/1994;00:00:01;0;1.2326;1.2038;1.1945;1.2327
08/01/1994;00:00:01;0;1.2034;1.2115;1.1975;1.219
08/08/1994;00:00:01;0;1.2113;1.20855;1.1996;1.2161
08/15/1994;00:00:01;0;1.2075;1.2241;1.2;1.2267
08/22/1994;00:00:01;0;1.2235;1.2391;1.2145;1.2442
08/29/1994;00:00:01;0;1.243;1.20455;1.1975;1.2447
09/05/1994;00:00:01;0;1.2076;1.22725;1.2032;1.23
09/12/1994;00:00:01;0;1.2279;1.237;1.2193;1.241
09/19/1994;00:00:01;0;1.2357;1.231;1.226;1.243
09/26/1994;00:00:01;0;1.2299;1.22875;1.2242;1.2378
10/03/1994;00:00:01;0;1.2303;1.22975;1.2255;1.2397
10/10/1994;00:00:01;0;1.2314;1.23475;1.231;1.2444
10/17/1994;00:00:01;0;1.2349;1.2625;1.2327;1.274
10/24/1994;00:00:01;0;1.267;1.2704;1.265;1.2766
10/31/1994;00:00:01;0;1.2769;1.26425;1.2555;1.2804
11/07/1994;00:00:01;0;1.268;1.25545;1.2464;1.2758
11/14/1994;00:00:01;0;1.2565;1.237;1.231;1.2635
11/21/1994;00:00:01;0;1.2323;1.22175;1.218;1.236
11/28/1994;00:00:01;0;1.2236;1.21775;1.215;1.2298
12/05/1994;00:00:01;0;1.2162;1.2108;1.207;1.2217
12/12/1994;00:00:01;0;1.213;1.21015;1.2054;1.2187
12/19/1994;00:00:01;0;1.2119;1.2099;1.2083;1.2145
12/26/1994;00:00:01;0;1.2113;1.204;1.202;1.2135
01/02/1995;00:00:01;0;1.204;1.22275;1.2033;1.2277
01/09/1995;00:00:01;0;1.219;1.22725;1.2154;1.2385
01/16/1995;00:00:01;0;1.2335;1.23535;1.2284;1.2395
01/23/1995;00:00:01;0;1.2367;1.25015;1.2314;1.2533
01/30/1995;00:00:01;0;1.249;1.25095;1.243;1.2564
02/06/1995;00:00:01;0;1.2534;1.23125;1.2285;1.2534
02/13/1995;00:00:01;0;1.2343;1.2408;1.2275;1.2432
02/20/1995;00:00:01;0;1.2391;1.271;1.2384;1.275
02/27/1995;00:00:01;0;1.27;1.2713;1.2635;1.2785
03/06/1995;00:00:01;0;1.267;1.31085;1.2645;1.3217
03/13/1995;00:00:01;0;1.311;1.29545;1.2885;1.3351
03/20/1995;00:00:01;0;1.2975;1.2986;1.2908;1.3205
03/27/1995;00:00:01;0;1.2938;1.29725;1.2844;1.3045
04/03/1995;00:00:01;0;1.2998;1.32655;1.296;1.335
04/10/1995;00:00:01;0;1.3315;1.31765;1.3003;1.3389
04/17/1995;00:00:01;0;1.3085;1.33415;1.3037;1.344
04/24/1995;00:00:01;0;1.3403;1.33685;1.316;1.3525
05/01/1995;00:00:01;0;1.331;1.31975;1.316;1.345
05/08/1995;00:00:01;0;1.3209;1.33795;1.3194;1.344
05/15/1995;00:00:01;0;1.3422;1.2835;1.2734;1.3423
05/22/1995;00:00:01;0;1.2904;1.27865;1.265;1.2945
05/29/1995;00:00:01;0;1.28;1.33015;1.2717;1.337
06/05/1995;00:00:01;0;1.3302;1.31025;1.2906;1.3317
06/12/1995;00:00:01;0;1.3125;1.31495;1.3007;1.3198
06/19/1995;00:00:01;0;1.318;1.319;1.3084;1.324
06/26/1995;00:00:01;0;1.3215;1.326;1.3182;1.3355
07/03/1995;00:00:01;0;1.3257;1.33385;1.3128;1.3373
07/10/1995;00:00:01;0;1.3335;1.32675;1.3212;1.3377
07/17/1995;00:00:01;0;1.3265;1.3266;1.3122;1.3342
07/24/1995;00:00:01;0;1.3268;1.33675;1.3257;1.346
07/31/1995;00:00:01;0;1.336;1.34345;1.3288;1.3495
08/07/1995;00:00:01;0;1.34;1.32825;1.3209;1.352
08/14/1995;00:00:01;0;1.3213;1.30265;1.297;1.325
08/21/1995;00:00:01;0;1.3025;1.27165;1.2624;1.3042
08/28/1995;00:00:01;0;1.2679;1.27865;1.257;1.2833
09/04/1995;00:00:01;0;1.2785;1.27835;1.2646;1.2819
09/11/1995;00:00:01;0;1.277;1.27175;1.2584;1.279
09/18/1995;00:00:01;0;1.2677;1.26085;1.2501;1.272
09/25/1995;00:00:01;0;1.2637;1.29595;1.2575;1.3096
10/02/1995;00:00:01;0;1.2927;1.2947;1.2867;1.3074
10/09/1995;00:00:01;0;1.2958;1.29325;1.28;1.2985
10/16/1995;00:00:01;0;1.295;1.29545;1.2825;1.3002
10/23/1995;00:00:01;0;1.293;1.3133;1.2854;1.3208
10/30/1995;00:00:01;0;1.3138;1.3029;1.2958;1.3185
11/06/1995;00:00:01;0;1.3045;1.2947;1.2872;1.308
11/13/1995;00:00:01;0;1.2976;1.29305;1.286;1.304
11/20/1995;00:00:01;0;1.292;1.29675;1.2895;1.3085
11/27/1995;00:00:01;0;1.302;1.292;1.2845;1.3061
12/04/1995;00:00:01;0;1.2895;1.2789;1.2712;1.2965
12/11/1995;00:00:01;0;1.277;1.27375;1.2675;1.2872
12/18/1995;00:00:01;0;1.2719;1.2789;1.2594;1.2836
12/25/1995;00:00:01;0;1.2833;1.2732;1.2693;1.2833
01/01/1996;00:00:01;0;1.274;1.28065;1.274;1.2858
01/08/1996;00:00:01;0;1.2764;1.2848;1.2653;1.2896
01/15/1996;00:00:01;0;1.2837;1.2789;1.2758;1.2966
01/22/1996;00:00:01;0;1.2789;1.24545;1.2413;1.2789
01/29/1996;00:00:01;0;1.2473;1.22815;1.2238;1.2508
02/05/1996;00:00:01;0;1.233;1.24655;1.2275;1.2525
02/12/1996;00:00:01;0;1.2495;1.24715;1.239;1.2508
02/19/1996;00:00:01;0;1.245;1.261;1.2413;1.2686
02/26/1996;00:00:01;0;1.2662;1.2681;1.2574;1.2714
03/04/1996;00:00:01;0;1.2635;1.25515;1.2485;1.2727
03/11/1996;00:00:01;0;1.2545;1.2502;1.2455;1.2597
03/18/1996;00:00:01;0;1.2483;1.2555;1.2457;1.261
03/25/1996;00:00:01;0;1.251;1.2562;1.2496;1.2589
04/01/1996;00:00:01;0;1.2543;1.2523;1.2474;1.2626
04/08/1996;00:00:01;0;1.25;1.25665;1.25;1.2608
04/15/1996;00:00:01;0;1.2549;1.23785;1.2344;1.2574
04/22/1996;00:00:01;0;1.241;1.2366;1.2335;1.2495
04/29/1996;00:00:01;0;1.2385;1.2352;1.224;1.2399
05/06/1996;00:00:01;0;1.2298;1.23115;1.221;1.2348
05/13/1996;00:00:01;0;1.232;1.2263;1.2236;1.2388
05/20/1996;00:00:01;0;1.227;1.22595;1.2222;1.2335
05/27/1996;00:00:01;0;1.2264;1.22495;1.2185;1.2278
06/03/1996;00:00:01;0;1.225;1.23825;1.2205;1.2415
06/10/1996;00:00:01;0;1.2401;1.23075;1.229;1.2403
06/17/1996;00:00:01;0;1.2309;1.24325;1.2292;1.2461
06/24/1996;00:00:01;0;1.2417;1.23645;1.2342;1.2498
07/01/1996;00:00:01;0;1.2375;1.2437;1.2325;1.2475
07/08/1996;00:00:01;0;1.2434;1.24025;1.2379;1.2484
07/15/1996;00:00:01;0;1.2398;1.2446;1.2393;1.248
07/22/1996;00:00:01;0;1.2455;1.2675;1.2455;1.2795
07/29/1996;00:00:01;0;1.272;1.2691;1.2619;1.2778
08/05/1996;00:00:01;0;1.2689;1.27015;1.2645;1.2832
08/12/1996;00:00:01;0;1.2687;1.2715;1.2615;1.275
08/19/1996;00:00:01;0;1.2695;1.2639;1.2601;1.2725
08/26/1996;00:00:01;0;1.2645;1.27295;1.2575;1.2751
09/02/1996;00:00:01;0;1.2732;1.26975;1.266;1.2775
09/09/1996;00:00:01;0;1.2675;1.26465;1.2609;1.2747
09/16/1996;00:00:01;0;1.2601;1.25245;1.2476;1.2616
09/23/1996;00:00:01;0;1.254;1.2556;1.2473;1.2595
09/30/1996;00:00:01;0;1.2581;1.24925;1.247;1.2662
10/07/1996;00:00:01;0;1.2507;1.24885;1.244;1.2527
10/14/1996;00:00:01;0;1.2487;1.2525;1.2484;1.2548
10/21/1996;00:00:01;0;1.2535;1.2481;1.2408;1.2537
10/28/1996;00:00:01;0;1.2514;1.25995;1.25;1.264
11/04/1996;00:00:01;0;1.2608;1.26645;1.2593;1.2726
11/11/1996;00:00:01;0;1.2703;1.27425;1.2579;1.2788
11/18/1996;00:00:01;0;1.281;1.27645;1.266;1.2816
11/25/1996;00:00:01;0;1.279;1.26955;1.2647;1.2857
12/02/1996;00:00:01;0;1.2671;1.2527;1.2492;1.2681
12/09/1996;00:00:01;0;1.25;1.24245;1.2329;1.2589
12/16/1996;00:00:01;0;1.24;1.24505;1.2385;1.2541
12/23/1996;00:00:01;0;1.2495;1.2397;1.23;1.2516
12/30/1996;00:00:01;0;1.24;1.23985;1.2325;1.2426
01/06/1997;00:00:01;0;1.2399;1.2367;1.2315;1.2562
01/13/1997;00:00:01;0;1.2406;1.2243;1.2194;1.2453
01/20/1997;00:00:01;0;1.2235;1.2;1.1939;1.2264
01/27/1997;00:00:01;0;1.1992;1.18325;1.1793;1.2042
02/03/1997;00:00:01;0;1.1758;1.1753;1.1698;1.187
02/10/1997;00:00:01;0;1.1793;1.1754;1.1589;1.1806
02/17/1997;00:00:01;0;1.1717;1.14615;1.1417;1.172
02/24/1997;00:00:01;0;1.1445;1.15715;1.1384;1.1643
03/03/1997;00:00:01;0;1.1595;1.1452;1.1418;1.1622
03/10/1997;00:00:01;0;1.1425;1.1384;1.1288;1.1447
03/17/1997;00:00:01;0;1.141;1.14635;1.1342;1.1505
03/24/1997;00:00:01;0;1.1435;1.14805;1.1431;1.1581
03/31/1997;00:00:01;0;1.1487;1.1626;1.1439;1.1677
04/07/1997;00:00:01;0;1.162;1.148;1.141;1.168
04/14/1997;00:00:01;0;1.142;1.13355;1.1299;1.143
04/21/1997;00:00:01;0;1.128;1.143;1.124;1.148
04/28/1997;00:00:01;0;1.1448;1.1264;1.1223;1.145
05/05/1997;00:00:01;0;1.1263;1.12675;1.1235;1.135
05/12/1997;00:00:01;0;1.1278;1.14615;1.1243;1.1548
05/19/1997;00:00:01;0;1.1415;1.1461;1.1379;1.157
05/26/1997;00:00:01;0;1.144;1.15535;1.144;1.1663
06/02/1997;00:00:01;0;1.1528;1.1306;1.1244;1.1539
06/09/1997;00:00:01;0;1.1259;1.13515;1.119;1.1419
06/16/1997;00:00:01;0;1.1383;1.12545;1.1202;1.143
06/23/1997;00:00:01;0;1.1291;1.13555;1.1218;1.1417
06/30/1997;00:00:01;0;1.1413;1.12625;1.123;1.1416
07/07/1997;00:00:01;0;1.1255;1.12545;1.117;1.129
07/14/1997;00:00:01;0;1.122;1.10375;1.0975;1.128
07/21/1997;00:00:01;0;1.101;1.1003;1.0935;1.1081
07/28/1997;00:00:01;0;1.099;1.07125;1.067;1.1
08/04/1997;00:00:01;0;1.0719;1.05635;1.053;1.0786
08/11/1997;00:00:01;0;1.0599;1.06045;1.0414;1.0688
08/18/1997;00:00:01;0;1.0556;1.07835;1.0511;1.0865
08/25/1997;00:00:01;0;1.0717;1.0795;1.0565;1.087
09/01/1997;00:00:01;0;1.0803;1.08465;1.0752;1.0995
09/08/1997;00:00:01;0;1.0845;1.087;1.0671;1.0926
09/15/1997;00:00:01;0;1.082;1.10795;1.0787;1.1149
09/22/1997;00:00:01;0;1.11;1.09905;1.0907;1.1117
09/29/1997;00:00:01;0;1.096;1.11325;1.0891;1.1206
10/06/1997;00:00:01;0;1.1123;1.1132;1.1004;1.1178
10/13/1997;00:00:01;0;1.1138;1.11765;1.1108;1.1286
10/20/1997;00:00:01;0;1.1202;1.1097;1.1059;1.1261
10/27/1997;00:00:01;0;1.1125;1.1169;1.1;1.1233
11/03/1997;00:00:01;0;1.124;1.1352;1.124;1.151
11/10/1997;00:00:01;0;1.1384;1.15125;1.1375;1.1594
11/17/1997;00:00:01;0;1.157;1.14085;1.1362;1.163
11/24/1997;00:00:01;0;1.1439;1.14215;1.1314;1.1478
12/01/1997;00:00:01;0;1.141;1.1182;1.1132;1.141
12/08/1997;00:00:01;0;1.1155;1.10895;1.1061;1.1217
12/15/1997;00:00:01;0;1.107;1.1121;1.101;1.1232
12/22/1997;00:00:01;0;1.1102;1.10995;1.103;1.121
12/29/1997;00:00:01;0;1.1091;1.11045;1.1045;1.1164
01/05/1998;00:00:01;0;1.107;1.08935;1.0795;1.107
01/12/1998;00:00:01;0;1.0825;1.0848;1.0768;1.0926
01/19/1998;00:00:01;0;1.0846;1.0754;1.07;1.09
01/26/1998;00:00:01;0;1.0762;1.10745;1.072;1.1191
02/02/1998;00:00:01;0;1.0986;1.07915;1.0728;1.105
02/09/1998;00:00:01;0;1.086;1.08645;1.0798;1.1045
02/16/1998;00:00:01;0;1.0855;1.0847;1.0795;1.0925
02/23/1998;00:00:01;0;1.0867;1.09265;1.0775;1.103
03/02/1998;00:00:01;0;1.0983;1.0931;1.083;1.101
03/09/1998;00:00:01;0;1.0902;1.08135;1.0757;1.0946
03/16/1998;00:00:01;0;1.0828;1.08965;1.0765;1.0946
03/23/1998;00:00:01;0;1.0919;1.0848;1.0803;1.095
03/30/1998;00:00:01;0;1.0885;1.0806;1.0745;1.0921
04/06/1998;00:00:01;0;1.0767;1.07715;1.0695;1.0793
04/13/1998;00:00:01;0;1.0813;1.08615;1.0764;1.0955
04/20/1998;00:00:01;0;1.0868;1.09695;1.0862;1.1037
04/27/1998;00:00:01;0;1.0998;1.10375;1.0962;1.1088
05/04/1998;00:00:01;0;1.105;1.10615;1.0954;1.1135
05/11/1998;00:00:01;0;1.1083;1.1103;1.1051;1.1194
05/18/1998;00:00:01;0;1.1079;1.10185;1.099;1.1117
05/25/1998;00:00:01;0;1.103;1.1152;1.1018;1.1206
06/01/1998;00:00:01;0;1.1157;1.1057;1.0987;1.1182
06/08/1998;00:00:01;0;1.1064;1.10855;1.104;1.1176
06/15/1998;00:00:01;0;1.1071;1.08985;1.0861;1.1116
06/22/1998;00:00:01;0;1.0865;1.1005;1.0865;1.1098
06/29/1998;00:00:01;0;1.1017;1.0926;1.0895;1.1058
07/06/1998;00:00:01;0;1.095;1.091;1.0839;1.0982
07/13/1998;00:00:01;0;1.0936;1.09365;1.0785;1.0988
07/20/1998;00:00:01;0;1.0996;1.10825;1.0936;1.1113
07/27/1998;00:00:01;0;1.1061;1.10765;1.0989;1.111
08/03/1998;00:00:01;0;1.105;1.10475;1.1;1.1165
08/10/1998;00:00:01;0;1.1032;1.1068;1.102;1.116
08/17/1998;00:00:01;0;1.1081;1.0936;1.0872;1.1122
08/24/1998;00:00:01;0;1.0988;1.0974;1.0914;1.1012
08/31/1998;00:00:01;0;1.1002;1.1198;1.0889;1.1297
09/07/1998;00:00:01;0;1.1222;1.13965;1.1188;1.1482
09/14/1998;00:00:01;0;1.139;1.1566;1.128;1.1758
09/21/1998;00:00:01;0;1.1577;1.1679;1.1505;1.1759
09/28/1998;00:00:01;0;1.1617;1.17005;1.1555;1.1826
10/05/1998;00:00:01;0;1.1743;1.20355;1.1679;1.2093
10/12/1998;00:00:01;0;1.2074;1.20675;1.1957;1.2402
10/19/1998;00:00:01;0;1.2085;1.21125;1.1952;1.2236
10/26/1998;00:00:01;0;1.205;1.1915;1.1865;1.2082
11/02/1998;00:00:01;0;1.1822;1.18995;1.1799;1.1962
11/09/1998;00:00:01;0;1.1865;1.16735;1.1594;1.1865
11/16/1998;00:00:01;0;1.1647;1.17555;1.1583;1.183
11/23/1998;00:00:01;0;1.1792;1.155;1.1482;1.1844
11/30/1998;00:00:01;0;1.1537;1.15465;1.1455;1.1615
12/07/1998;00:00:01;0;1.1595;1.1698;1.1572;1.1796
12/14/1998;00:00:01;0;1.1674;1.1896;1.1657;1.1953
12/21/1998;00:00:01;0;1.1922;1.1781;1.1719;1.193
12/28/1998;00:00:01;0;1.1756;1.16855;1.166;1.177
01/04/1999;00:00:01;0;1.1714;1.18005;1.1644;1.1906
01/11/1999;00:00:01;0;1.183;1.1546;1.1485;1.1866
01/18/1999;00:00:01;0;1.1501;1.15865;1.144;1.1788
01/25/1999;00:00:01;0;1.1606;1.15775;1.1535;1.164
02/01/1999;00:00:01;0;1.155;1.13375;1.128;1.1589
02/08/1999;00:00:01;0;1.1305;1.12705;1.1214;1.1371
02/15/1999;00:00:01;0;1.132;1.12595;1.1209;1.1361
02/22/1999;00:00:01;0;1.1222;1.10185;1.0963;1.1278
03/01/1999;00:00:01;0;1.1022;1.0951;1.088;1.108
03/08/1999;00:00:01;0;1.0893;1.0861;1.078;1.0946
03/15/1999;00:00:01;0;1.0885;1.0919;1.0794;1.1059
03/22/1999;00:00:01;0;1.092;1.08795;1.081;1.1067
03/29/1999;00:00:01;0;1.0908;1.0733;1.0678;1.096
04/05/1999;00:00:01;0;1.0726;1.07445;1.0689;1.082
04/12/1999;00:00:01;0;1.071;1.0839;1.07;1.0883
04/19/1999;00:00:01;0;1.0805;1.0642;1.0584;1.083
04/26/1999;00:00:01;0;1.0661;1.06025;1.0558;1.0684
05/03/1999;00:00:01;0;1.0585;1.05745;1.0537;1.0696
05/10/1999;00:00:01;0;1.0564;1.0772;1.0557;1.0841
05/17/1999;00:00:01;0;1.0785;1.0662;1.0598;1.0805
05/24/1999;00:00:01;0;1.0663;1.05765;1.0542;1.0709
05/31/1999;00:00:01;0;1.0601;1.0448;1.039;1.0644
06/07/1999;00:00:01;0;1.045;1.0293;1.026;1.0452
06/14/1999;00:00:01;0;1.0286;1.0423;1.0266;1.0556
06/21/1999;00:00:01;0;1.042;1.0343;1.029;1.0436
06/28/1999;00:00:01;0;1.0341;1.033;1.0272;1.0475
07/05/1999;00:00:01;0;1.033;1.0245;1.0205;1.0395
07/12/1999;00:00:01;0;1.0213;1.0145;1.0114;1.0269
07/19/1999;00:00:01;0;1.0144;1.0294;1.011;1.034
07/26/1999;00:00:01;0;1.0315;1.0651;1.027;1.0722
08/02/1999;00:00:01;0;1.064;1.0692;1.0592;1.0744
08/09/1999;00:00:01;0;1.0682;1.0718;1.0517;1.0825
08/16/1999;00:00:01;0;1.072;1.0574;1.0546;1.0764
08/23/1999;00:00:01;0;1.058;1.0492;1.0462;1.0693
08/30/1999;00:00:01;0;1.049;1.0493;1.04;1.0547
09/06/1999;00:00:01;0;1.0494;1.0607;1.0486;1.0728
09/13/1999;00:00:01;0;1.0569;1.0411;1.0301;1.0643
09/20/1999;00:00:01;0;1.0413;1.036;1.0285;1.0469
09/27/1999;00:00:01;0;1.0365;1.0458;1.0362;1.0541
10/04/1999;00:00:01;0;1.0457;1.0734;1.0444;1.0774
10/11/1999;00:00:01;0;1.0733;1.0632;1.0604;1.0778
10/18/1999;00:00:01;0;1.063;1.0817;1.063;1.0913
10/25/1999;00:00:01;0;1.0815;1.0673;1.0636;1.085
11/01/1999;00:00:01;0;1.0675;1.0518;1.0433;1.0694
11/08/1999;00:00:01;0;1.0511;1.0382;1.0346;1.0556
11/15/1999;00:00:01;0;1.0387;1.0333;1.0291;1.0452
11/22/1999;00:00:01;0;1.0331;1.0316;1.0248;1.044
11/29/1999;00:00:01;0;1.0318;1.0096;1.004;1.0335
12/06/1999;00:00:01;0;1.0098;1.0224;.9996;1.0261
12/13/1999;00:00:01;0;1.0226;1.0141;1.0109;1.0295
12/20/1999;00:00:01;0;1.014;1.0132;1.0013;1.019
12/27/1999;00:00:01;0;1.0133;1.0129;1.0058;1.0176
01/03/2000;00:00:01;0;1.0131;1.0243;1.002;1.028
01/10/2000;00:00:01;0;1.0242;1.0253;1.0213;1.0414
01/17/2000;00:00:01;0;1.0256;1.0122;1.0117;1.0368
01/24/2000;00:00:01;0;1.0121;1.007;1;1.019
01/31/2000;00:00:01;0;1.0071;.97;.9669;1.0093
02/07/2000;00:00:01;0;.9706;.9812;.967;.9947
02/14/2000;00:00:01;0;.9814;.978;.9779;.9969
02/21/2000;00:00:01;0;.978;.9842;.9765;.9956
02/28/2000;00:00:01;0;.9874;.9713;.9403;1.0087
03/06/2000;00:00:01;0;.9708;.959;.9562;.987
03/13/2000;00:00:01;0;.9585;.9634;.9523;.9728
03/20/2000;00:00:01;0;.9636;.9732;.9592;.9744
03/27/2000;00:00:01;0;.9724;.9669;.9576;.9788
04/03/2000;00:00:01;0;.9671;.9539;.9479;.97
04/10/2000;00:00:01;0;.9537;.9622;.9517;.975
04/17/2000;00:00:01;0;.962;.9522;.9513;.9677
04/24/2000;00:00:01;0;.9518;.9385;.9354;.9525
05/01/2000;00:00:01;0;.9385;.9155;.9033;.9404
05/08/2000;00:00:01;0;.9156;.8969;.8849;.9171
05/15/2000;00:00:01;0;.8967;.9103;.8948;.9198
05/22/2000;00:00:01;0;.9065;.9022;.8845;.9106
05/29/2000;00:00:01;0;.9023;.931;.8981;.9335
06/05/2000;00:00:01;0;.9267;.9464;.9245;.9498
06/12/2000;00:00:01;0;.9467;.9536;.9451;.97
06/19/2000;00:00:01;0;.9536;.9565;.9499;.9691
06/26/2000;00:00:01;0;.9566;.9367;.9298;.9619
07/03/2000;00:00:01;0;.9367;.9503;.9355;.96
07/10/2000;00:00:01;0;.9503;.9546;.946;.9597
07/17/2000;00:00:01;0;.9547;.9364;.9319;.9564
07/24/2000;00:00:01;0;.9362;.9335;.9194;.9379
07/31/2000;00:00:01;0;.9335;.9265;.9222;.9449
08/07/2000;00:00:01;0;.9265;.9071;.9;.9291
08/14/2000;00:00:01;0;.9074;.9058;.8964;.9138
08/21/2000;00:00:01;0;.9056;.9017;.901;.9183
08/28/2000;00:00:01;0;.9021;.8996;.8912;.9072
09/04/2000;00:00:01;0;.899;.9001;.8843;.9022
09/11/2000;00:00:01;0;.8975;.8584;.8567;.899
09/18/2000;00:00:01;0;.8582;.8542;.8514;.8717
09/25/2000;00:00:01;0;.8542;.8742;.844;.9006
10/02/2000;00:00:01;0;.8743;.8772;.873;.8883
10/09/2000;00:00:01;0;.8772;.8683;.8664;.8787
10/16/2000;00:00:01;0;.8682;.85;.8462;.8765
10/23/2000;00:00:01;0;.85;.8351;.8329;.8573
10/30/2000;00:00:01;0;.8352;.8402;.8229;.8528
11/06/2000;00:00:01;0;.8396;.8614;.8386;.8794
11/13/2000;00:00:01;0;.8628;.856;.8519;.8704
11/20/2000;00:00:01;0;.8573;.8505;.8459;.8629
11/27/2000;00:00:01;0;.8504;.8515;.8377;.8533
12/04/2000;00:00:01;0;.8527;.8876;.8505;.8932
12/11/2000;00:00:01;0;.8843;.8772;.8751;.8974
12/18/2000;00:00:01;0;.8782;.8943;.8718;.9014
12/25/2000;00:00:01;0;.8956;.9227;.8882;.926
01/01/2001;00:00:01;0;.9256;.9417;.9237;.9425
01/08/2001;00:00:01;0;.9421;.9469;.9272;.9594
01/15/2001;00:00:01;0;.9472;.9515;.9364;.9577
01/22/2001;00:00:01;0;.9432;.9385;.9272;.9503
01/29/2001;00:00:01;0;.9386;.917;.9117;.945
02/05/2001;00:00:01;0;.9164;.9373;.9144;.9443
02/12/2001;00:00:01;0;.9371;.9316;.9133;.9385
02/19/2001;00:00:01;0;.9308;.921;.9027;.933
02/26/2001;00:00:01;0;.9208;.91;.9016;.9238
03/05/2001;00:00:01;0;.9095;.9285;.9085;.938
03/12/2001;00:00:01;0;.9273;.9275;.9254;.9373
03/19/2001;00:00:01;0;.9276;.8987;.8915;.93
03/26/2001;00:00:01;0;.8988;.8955;.8833;.9123
04/02/2001;00:00:01;0;.8958;.8789;.8733;.8991
04/09/2001;00:00:01;0;.8791;.8963;.8791;.9091
04/16/2001;00:00:01;0;.8962;.8881;.881;.8992
04/23/2001;00:00:01;0;.8887;.896;.8699;.9079
04/30/2001;00:00:01;0;.9013;.889;.8853;.9054
05/07/2001;00:00:01;0;.8888;.8902;.8856;.9007
05/14/2001;00:00:01;0;.8903;.8734;.8728;.8921
05/21/2001;00:00:01;0;.8738;.8766;.8733;.888
05/28/2001;00:00:01;0;.8761;.8608;.8497;.8774
06/04/2001;00:00:01;0;.8601;.8455;.8433;.8612
06/11/2001;00:00:01;0;.8457;.8427;.8411;.8568
06/18/2001;00:00:01;0;.8437;.8605;.8416;.8673
06/25/2001;00:00:01;0;.86;.8588;.8497;.8625
07/02/2001;00:00:01;0;.8585;.8479;.8433;.8659
07/09/2001;00:00:01;0;.8473;.8497;.8349;.8522
07/16/2001;00:00:01;0;.8496;.8522;.849;.8642
07/23/2001;00:00:01;0;.8522;.869;.8491;.8786
07/30/2001;00:00:01;0;.8691;.874;.8687;.8823
08/06/2001;00:00:01;0;.874;.8814;.8725;.8876
08/13/2001;00:00:01;0;.8808;.8968;.8739;.9008
08/20/2001;00:00:01;0;.8968;.9139;.8938;.9202
08/27/2001;00:00:01;0;.9137;.9115;.9077;.9239
09/03/2001;00:00:01;0;.9112;.9095;.9029;.9198
09/10/2001;00:00:01;0;.9074;.8974;.8825;.9079
09/17/2001;00:00:01;0;.8977;.9247;.8955;.9332
09/24/2001;00:00:01;0;.9237;.9164;.9087;.9325
10/01/2001;00:00:01;0;.9159;.9169;.9062;.9249
10/08/2001;00:00:01;0;.9165;.9202;.9111;.9244
10/15/2001;00:00:01;0;.92;.9083;.8989;.9225
10/22/2001;00:00:01;0;.9073;.8905;.8897;.9112
10/29/2001;00:00:01;0;.8909;.9047;.887;.905
11/05/2001;00:00:01;0;.9051;.8972;.8944;.912
11/12/2001;00:00:01;0;.8971;.8939;.8889;.9046
11/19/2001;00:00:01;0;.8937;.8784;.8766;.8939
11/26/2001;00:00:01;0;.8777;.88;.8737;.8842
12/03/2001;00:00:01;0;.88;.8906;.8771;.8981
12/10/2001;00:00:01;0;.891;.8905;.8843;.8952
12/17/2001;00:00:01;0;.8906;.902;.8884;.9081
12/24/2001;00:00:01;0;.9016;.8774;.8743;.904
12/31/2001;00:00:01;0;.8774;.889;.8766;.8922
01/07/2002;00:00:01;0;.889;.8932;.8883;.9066
01/14/2002;00:00:01;0;.8929;.8942;.8866;.8953
01/21/2002;00:00:01;0;.894;.8831;.8794;.8944
01/28/2002;00:00:01;0;.8829;.8621;.8574;.889
02/04/2002;00:00:01;0;.8613;.8704;.8562;.8711
02/11/2002;00:00:01;0;.8693;.8764;.8633;.88
02/18/2002;00:00:01;0;.8765;.8704;.8682;.8799
02/25/2002;00:00:01;0;.8704;.8686;.8666;.8782
03/04/2002;00:00:01;0;.8686;.8696;.8617;.872
03/11/2002;00:00:01;0;.8694;.8749;.865;.8839
03/18/2002;00:00:01;0;.875;.8826;.8706;.8868
03/25/2002;00:00:01;0;.882;.877;.8751;.8859
04/01/2002;00:00:01;0;.8768;.8804;.8699;.8821
04/08/2002;00:00:01;0;.8803;.8743;.8737;.8857
04/15/2002;00:00:01;0;.8743;.8793;.8738;.8845
04/22/2002;00:00:01;0;.879;.8894;.879;.8925
04/29/2002;00:00:01;0;.8893;.9031;.8861;.9048
05/06/2002;00:00:01;0;.9027;.9179;.8989;.9185
05/13/2002;00:00:01;0;.9176;.9118;.9038;.9189
05/20/2002;00:00:01;0;.9115;.9207;.8997;.9229
05/27/2002;00:00:01;0;.9206;.9202;.9163;.9278
06/03/2002;00:00:01;0;.9206;.9407;.92;.9421
06/10/2002;00:00:01;0;.9401;.943;.9338;.9488
06/17/2002;00:00:01;0;.9439;.9434;.9396;.9522
06/24/2002;00:00:01;0;.9442;.9703;.9438;.9813
07/01/2002;00:00:01;0;.97;.9907;.9663;.999
07/08/2002;00:00:01;0;.9907;.9909;.9717;.9918
07/15/2002;00:00:01;0;.9901;1.003;.9835;1.0089
07/22/2002;00:00:01;0;1.0031;1.0082;1.0031;1.0206
07/29/2002;00:00:01;0;1.0072;.9809;.9772;1.0077
08/05/2002;00:00:01;0;.9807;.9807;.9727;.9917
08/12/2002;00:00:01;0;.98;.9784;.9622;.9805
08/19/2002;00:00:01;0;.9783;.9766;.9749;.9892
08/26/2002;00:00:01;0;.977;.971;.9666;.9846
09/02/2002;00:00:01;0;.9709;.9831;.9706;.9885
09/09/2002;00:00:01;0;.9829;.9793;.9782;.9989
09/16/2002;00:00:01;0;.9792;.9685;.9662;.9842
09/23/2002;00:00:01;0;.9683;.9777;.961;.9875
09/30/2002;00:00:01;0;.9775;.9863;.97;.9899
10/07/2002;00:00:01;0;.9861;.9823;.9778;.9908
10/14/2002;00:00:01;0;.9822;.9872;.9766;.9929
10/21/2002;00:00:01;0;.9873;.9733;.9683;.9894
10/28/2002;00:00:01;0;.9729;.9842;.9715;.9856
11/04/2002;00:00:01;0;.9842;.9978;.9803;1.001
11/11/2002;00:00:01;0;.9971;1.0107;.9936;1.0178
11/18/2002;00:00:01;0;1.0099;1.0087;1.0007;1.0142
11/25/2002;00:00:01;0;1.0095;.9918;.9889;1.0147
12/02/2002;00:00:01;0;.9917;.9974;.9858;.999
12/09/2002;00:00:01;0;.9972;1.0101;.9948;1.0134
12/16/2002;00:00:01;0;1.01;1.0225;1.0056;1.0267
12/23/2002;00:00:01;0;1.0225;1.026;1.0204;1.034
12/30/2002;00:00:01;0;1.0261;1.0486;1.025;1.0498
01/06/2003;00:00:01;0;1.0489;1.0461;1.0331;1.0512
01/13/2003;00:00:01;0;1.0459;1.0537;1.0356;1.0591
01/20/2003;00:00:01;0;1.0534;1.0673;1.0499;1.0697
01/27/2003;00:00:01;0;1.0674;1.0855;1.0629;1.0913
02/03/2003;00:00:01;0;1.0845;1.0791;1.0688;1.0899
02/10/2003;00:00:01;0;1.0783;1.0726;1.073;1.0942
02/17/2003;00:00:01;0;1.073;1.0722;1.0666;1.0858
02/24/2003;00:00:01;0;1.0711;1.0794;1.0666;1.0847
03/03/2003;00:00:01;0;1.0795;1.0891;1.0731;1.0901
03/10/2003;00:00:01;0;1.0892;1.1055;1.0876;1.1073
03/17/2003;00:00:01;0;1.1056;1.0618;1.0584;1.1083
03/24/2003;00:00:01;179826;1.0621;1.0595;1.0498;1.067
03/31/2003;00:00:01;183213;1.0596;1.0786;1.0564;1.0803
04/07/2003;00:00:01;190291;1.0786;1.0674;1.0657;1.0958
04/14/2003;00:00:01;188589;1.0674;1.0724;1.0557;1.083
04/21/2003;00:00:01;163741;1.0726;1.0899;1.0713;1.0975
04/28/2003;00:00:01;170366;1.0898;1.1034;1.0819;1.1049
05/05/2003;00:00:01;178267;1.1034;1.1227;1.0927;1.1285
05/12/2003;00:00:01;173789;1.1225;1.1552;1.1201;1.1576
05/19/2003;00:00:01;196926;1.1554;1.167;1.1367;1.1686
05/26/2003;00:00:01;160641;1.1668;1.1813;1.1599;1.1843
06/02/2003;00:00:01;172566;1.1813;1.1723;1.169;1.1932
06/09/2003;00:00:01;200687;1.1722;1.1703;1.1627;1.1888
06/16/2003;00:00:01;201449;1.1699;1.1875;1.1654;1.1886
06/23/2003;00:00:01;218702;1.1874;1.1579;1.1548;1.1929
06/30/2003;00:00:01;195645;1.1582;1.1415;1.1397;1.1623
07/07/2003;00:00:01;171101;1.1416;1.1469;1.1395;1.161
07/14/2003;00:00:01;209625;1.1469;1.1274;1.1256;1.1471
07/21/2003;00:00:01;224250;1.1274;1.1262;1.111;1.1338
07/28/2003;00:00:01;1386;1.1271;1.1268;1.1262;1.129
08/04/2003;00:00:01;203530;1.1268;1.1292;1.1257;1.1427
08/11/2003;00:00:01;184325;1.1292;1.126;1.1216;1.138
08/18/2003;00:00:01;197923;1.126;1.0856;1.0833;1.1269
08/25/2003;00:00:01;188594;1.0855;1.0992;1.0787;1.0998
09/01/2003;00:00:01;197978;1.0991;1.1093;1.0759;1.1113
09/08/2003;00:00:01;227021;1.1092;1.1277;1.1044;1.1324
09/15/2003;00:00:01;181457;1.1277;1.1458;1.1136;1.1497
09/22/2003;00:00:01;182011;1.1458;1.146;1.1411;1.1535
09/29/2003;00:00:01;193518;1.146;1.1591;1.1392;1.1768
10/06/2003;00:00:01;183168;1.159;1.181;1.153;1.1862
10/13/2003;00:00:01;169884;1.1811;1.1697;1.1543;1.1813
10/20/2003;00:00:01;174386;1.1698;1.1778;1.1599;1.1856
10/27/2003;00:00:01;178674;1.1779;1.1581;1.1561;1.1783
11/03/2003;00:00:01;228377;1.1581;1.1503;1.1374;1.162
11/10/2003;00:00:01;255361;1.1502;1.1829;1.1441;1.1835
11/17/2003;00:00:01;288996;1.1828;1.1908;1.1723;1.1979
11/24/2003;00:00:01;274569;1.1908;1.203;1.175;1.2033
12/01/2003;00:00:01;256726;1.2031;1.2166;1.1935;1.2178
12/08/2003;00:00:01;210533;1.2167;1.2184;1.2111;1.2306
12/15/2003;00:00:01;199730;1.2184;1.2352;1.2168;1.2439
12/22/2003;00:00:01;117304;1.2352;1.2429;1.2349;1.247
12/29/2003;00:00:01;127316;1.2428;1.2633;1.2422;1.2649
01/05/2004;00:00:01;200767;1.2631;1.2849;1.2557;1.2868
01/12/2004;00:00:01;230985;1.285;1.2383;1.2349;1.2898
01/19/2004;00:00:01;257534;1.238;1.2569;1.2332;1.2775
01/26/2004;00:00:01;283326;1.2569;1.247;1.2349;1.2663
02/02/2004;00:00:01;307569;1.247;1.2646;1.2388;1.2724
02/09/2004;00:00:01;330057;1.2647;1.2728;1.2645;1.2893
02/16/2004;00:00:01;347185;1.2724;1.2502;1.2492;1.2928
02/23/2004;00:00:01;359799;1.2504;1.2534;1.237;1.2713
03/01/2004;00:00:01;377996;1.2533;1.2361;1.2054;1.2541
03/08/2004;00:00:01;370289;1.2363;1.2213;1.216;1.2459
03/15/2004;00:00:01;394434;1.2213;1.2275;1.2173;1.2436
03/22/2004;00:00:01;341108;1.2273;1.2116;1.2069;1.2401
03/29/2004;00:00:01;316100;1.2115;1.2101;1.2045;1.2389
04/05/2004;00:00:01;301056;1.2101;1.2073;1.1977;1.222
04/12/2004;00:00:01;335099;1.2073;1.2014;1.1866;1.2099
04/19/2004;00:00:01;304877;1.2014;1.1791;1.1776;1.2079
04/26/2004;00:00:01;285896;1.179;1.1985;1.1755;1.2012
05/03/2004;00:00:01;304630;1.1985;1.186;1.1857;1.218
05/10/2004;00:00:01;340290;1.1861;1.1882;1.177;1.1943
05/17/2004;00:00:01;353435;1.1881;1.1991;1.1877;1.2072
05/24/2004;00:00:01;314957;1.1993;1.2229;1.1931;1.2298
05/31/2004;00:00:01;293736;1.2228;1.2324;1.2136;1.2336
06/07/2004;00:00:01;293322;1.2325;1.1977;1.1957;1.2354
06/14/2004;00:00:01;307406;1.1976;1.2135;1.195;1.2171
06/21/2004;00:00:01;303888;1.213;1.2167;1.2037;1.2194
06/28/2004;00:00:01;310724;1.2166;1.2328;1.2062;1.2337
07/05/2004;00:00:01;294947;1.2328;1.2416;1.2262;1.2424
07/12/2004;00:00:01;328441;1.2416;1.2452;1.2297;1.2461
07/19/2004;00:00:01;375014;1.2453;1.2107;1.2083;1.2462
07/26/2004;00:00:01;365836;1.2107;1.2058;1.1989;1.2191
08/02/2004;00:00:01;337837;1.2056;1.2273;1.1969;1.2292
08/09/2004;00:00:01;284082;1.2272;1.2372;1.2175;1.2385
08/16/2004;00:00:01;274937;1.2372;1.2311;1.2278;1.2389
08/23/2004;00:00:01;266502;1.2313;1.2011;1.1999;1.2315
08/30/2004;00:00:01;232344;1.201;1.2066;1.1984;1.2221
09/06/2004;00:00:01;228369;1.2064;1.2284;1.2024;1.2312
09/13/2004;00:00:01;229755;1.2283;1.2166;1.2119;1.2296
09/20/2004;00:00:01;247426;1.2166;1.2276;1.2122;1.2362
09/27/2004;00:00:01;225805;1.2275;1.2387;1.2245;1.2444
10/04/2004;00:00:01;215292;1.239;1.2409;1.2245;1.2433
10/11/2004;00:00:01;218329;1.241;1.2483;1.2224;1.2505
10/18/2004;00:00:01;224910;1.2482;1.2737;1.2449;1.2743
10/25/2004;00:00:01;270844;1.2738;1.2824;1.2631;1.2842
11/01/2004;00:00:01;295847;1.2823;1.296;1.2656;1.2974
11/08/2004;00:00:01;260818;1.2963;1.2987;1.2847;1.3003
11/15/2004;00:00:01;224550;1.2989;1.3017;1.2915;1.3074
11/22/2004;00:00:01;243441;1.3021;1.3267;1.2973;1.3329
11/29/2004;00:00:01;261786;1.3268;1.3447;1.3228;1.3461
12/06/2004;00:00:01;279153;1.3444;1.322;1.3138;1.3469
12/13/2004;00:00:01;282694;1.322;1.3313;1.3204;1.3441
12/20/2004;00:00:01;228472;1.3313;1.3525;1.3294;1.3548
12/27/2004;00:00:01;211978;1.3524;1.3577;1.3511;1.3666
01/03/2005;00:00:01;315386;1.3576;1.3073;1.3024;1.358
01/10/2005;00:00:01;300613;1.3071;1.3097;1.3055;1.3292
01/17/2005;00:00:01;255756;1.3097;1.3037;1.2921;1.3127
01/24/2005;00:00:01;281900;1.3034;1.3019;1.2944;1.3125
01/31/2005;00:00:01;270415;1.302;1.2851;1.2846;1.3095
02/07/2005;00:00:01;277046;1.2851;1.2883;1.2729;1.2907
02/14/2005;00:00:01;301086;1.2879;1.3066;1.2877;1.3089
02/21/2005;00:00:01;294451;1.3063;1.325;1.3031;1.3274
02/28/2005;00:00:01;273523;1.3248;1.3234;1.3087;1.3279
03/07/2005;00:00:01;279805;1.3234;1.3472;1.3176;1.3481
03/14/2005;00:00:01;268826;1.347;1.3316;1.3264;1.3477
03/21/2005;00:00:01;255947;1.3314;1.2953;1.2924;1.3318
03/28/2005;00:00:01;329420;1.2953;1.2883;1.2854;1.3048
04/04/2005;00:00:01;336585;1.2884;1.2925;1.2798;1.2942
04/11/2005;00:00:01;363306;1.2922;1.2914;1.2767;1.3009
04/18/2005;00:00:01;351930;1.291;1.3044;1.2873;1.3125
04/25/2005;00:00:01;361073;1.3043;1.2848;1.2847;1.3047
05/02/2005;00:00:01;321337;1.2851;1.2814;1.2808;1.299
05/09/2005;00:00:01;378777;1.2815;1.2603;1.2579;1.2913
05/16/2005;00:00:01;333050;1.2601;1.2548;1.2533;1.2691
05/23/2005;00:00:01;413818;1.2548;1.2514;1.249;1.2627
05/30/2005;00:00:01;497549;1.2514;1.2222;1.2155;1.2545
06/06/2005;00:00:01;463919;1.2218;1.2113;1.2102;1.2351
06/13/2005;00:00:01;469875;1.2113;1.2209;1.2011;1.229
06/20/2005;00:00:01;491784;1.2209;1.2124;1.1979;1.224
06/27/2005;00:00:01;539094;1.2121;1.193;1.1899;1.2184
07/04/2005;00:00:01;539376;1.1928;1.1964;1.1862;1.2038
07/11/2005;00:00:01;540388;1.1961;1.2042;1.1953;1.2254
07/18/2005;00:00:01;447010;1.2043;1.2056;1.1949;1.2249
07/25/2005;00:00:01;424497;1.2058;1.2121;1.1961;1.2159
08/01/2005;00:00:01;416593;1.2121;1.2329;1.2119;1.2401
08/08/2005;00:00:01;440386;1.2329;1.2451;1.231;1.2488
08/15/2005;00:00:01;407051;1.2449;1.2161;1.2122;1.2455
08/22/2005;00:00:01;419100;1.2158;1.234;1.2154;1.2347
08/29/2005;00:00:01;455314;1.234;1.2531;1.2165;1.2589
09/05/2005;00:00:01;437783;1.253;1.2412;1.2371;1.2583
09/12/2005;00:00:01;461086;1.2408;1.2161;1.2137;1.2414
09/19/2005;00:00:01;440233;1.2159;1.2031;1.2014;1.2268
09/26/2005;00:00:01;470183;1.2027;1.2024;1.1977;1.2093
10/10/2005;00:00:01;429051;1.2123;1.2066;1.1907;1.2152
10/17/2005;00:00:01;432504;1.2062;1.1926;1.1872;1.2121
10/24/2005;00:00:01;446831;1.1927;1.2058;1.1915;1.2175
10/31/2005;00:00:01;440933;1.2058;1.1802;1.1795;1.2088
11/07/2005;00:00:01;429088;1.1799;1.1732;1.1664;1.1835
11/14/2005;00:00:01;438328;1.1731;1.1772;1.1634;1.1794
11/21/2005;00:00:01;435192;1.1772;1.171;1.1681;1.1865
11/28/2005;00:00:01;461881;1.1709;1.1718;1.1657;1.1902
12/05/2005;00:00:01;453557;1.1717;1.1791;1.168;1.1854
12/12/2005;00:00:01;488735;1.1789;1.2034;1.1788;1.206
12/19/2005;00:00:01;392001;1.203;1.1854;1.1795;1.2039
12/26/2005;00:00:01;343137;1.1854;1.1845;1.1772;1.1934
01/02/2006;00:00:01;369469;1.1844;1.2143;1.1808;1.2181
01/09/2006;00:00:01;340438;1.2141;1.2166;1.2005;1.2174
01/16/2006;00:00:01;429127;1.2166;1.2165;1.2038;1.2171
01/23/2006;00:00:01;456931;1.2164;1.2103;1.2083;1.2326
01/30/2006;00:00:01;384009;1.2103;1.2024;1.197;1.2192
02/06/2006;00:00:01;310504;1.2024;1.1897;1.1889;1.2047
02/13/2006;00:00:01;373927;1.1899;1.1944;1.1844;1.1958
02/20/2006;00:00:01;355299;1.1943;1.1832;1.1826;1.1974
02/27/2006;00:00:01;397341;1.1834;1.2079;1.1821;1.2092
03/06/2006;00:00:01;429451;1.2079;1.1913;1.1855;1.2093
03/13/2006;00:00:01;434474;1.1914;1.2173;1.1912;1.2207
03/20/2006;00:00:01;408281;1.217;1.2029;1.1948;1.2196
03/27/2006;00:00:01;435359;1.2028;1.2102;1.1975;1.2175
04/03/2006;00:00:01;528361;1.2102;1.21;1.2027;1.2331
04/10/2006;00:00:01;383100;1.21;1.2132;1.2062;1.2167
04/17/2006;00:00:01;480540;1.2133;1.2367;1.2129;1.2394
04/24/2006;00:00:01;462964;1.2369;1.2612;1.2329;1.2641
05/01/2006;00:00:01;466582;1.2612;1.2737;1.2552;1.2764
05/08/2006;00:00:01;508002;1.2738;1.2944;1.2656;1.2971
05/15/2006;00:00:01;542135;1.2946;1.2758;1.269;1.2951
05/22/2006;00:00:01;471889;1.2758;1.2744;1.269;1.2887
05/29/2006;00:00:01;468359;1.2745;1.2923;1.2718;1.2938
06/05/2006;00:00:01;481757;1.2925;1.2608;1.2592;1.2979
06/12/2006;00:00:01;408716;1.2609;1.2637;1.2523;1.2675
06/19/2006;00:00:01;403074;1.2637;1.2513;1.2473;1.2678
06/26/2006;00:00:01;446356;1.2513;1.2787;1.2497;1.2794
07/03/2006;00:00:01;404149;1.2787;1.2808;1.2703;1.2861
07/10/2006;00:00:01;441442;1.2808;1.2632;1.2623;1.2813
07/17/2006;00:00:01;460538;1.2632;1.2696;1.2457;1.2711
07/24/2006;00:00:01;474577;1.2696;1.2772;1.2556;1.2774
07/31/2006;00:00:01;471491;1.2773;1.2884;1.2716;1.2911
08/07/2006;00:00:01;437440;1.2886;1.2738;1.2704;1.2912
08/14/2006;00:00:01;425893;1.2738;1.2834;1.2692;1.2888
08/21/2006;00:00:01;439479;1.2836;1.2759;1.2723;1.294
08/28/2006;00:00:01;433590;1.276;1.2853;1.2746;1.288
09/04/2006;00:00:01;406427;1.2854;1.2667;1.2649;1.2875
09/11/2006;00:00:01;424751;1.2668;1.2638;1.2626;1.2754
09/18/2006;00:00:01;413197;1.2637;1.2785;1.2634;1.2832
09/25/2006;00:00:01;427928;1.2789;1.268;1.2636;1.2821
10/02/2006;00:00:01;431945;1.268;1.2593;1.2569;1.2767
10/09/2006;00:00:01;379021;1.2593;1.25;1.2479;1.2616
10/16/2006;00:00:01;405985;1.2498;1.2616;1.2485;1.2643
10/23/2006;00:00:01;424115;1.2619;1.2728;1.2521;1.2753
10/30/2006;00:00:01;412341;1.2729;1.2715;1.2677;1.2799
11/06/2006;00:00:01;409909;1.2716;1.2847;1.2686;1.2903
11/13/2006;00:00:01;430095;1.2846;1.2819;1.2758;1.2879
11/20/2006;00:00:01;418299;1.2818;1.3154;1.2795;1.3174
11/27/2006;00:00:01;535566;1.3151;1.3355;1.3085;1.337
12/04/2006;00:00:01;518692;1.3353;1.3185;1.3164;1.3365
12/11/2006;00:00:01;491457;1.3185;1.3081;1.3057;1.3293
12/18/2006;00:00:01;445157;1.3084;1.3136;1.305;1.3246
12/25/2006;00:00:01;334382;1.3133;1.3192;1.3087;1.3208
01/01/2007;00:00:01;422106;1.3192;1.3005;1.2979;1.3298
01/08/2007;00:00:01;449875;1.3007;1.2925;1.2865;1.3054
01/15/2007;00:00:01;422544;1.2925;1.296;1.2894;1.3002
01/22/2007;00:00:01;462952;1.2959;1.2919;1.2875;1.3045
01/29/2007;00:00:01;410649;1.2921;1.2958;1.2894;1.3066
02/05/2007;00:00:01;357121;1.296;1.3018;1.2908;1.3046
02/12/2007;00:00:01;434575;1.3014;1.3147;1.2938;1.3174
02/19/2007;00:00:01;417714;1.3145;1.3179;1.3076;1.3191
02/26/2007;00:00:01;521265;1.3181;1.3181;1.3139;1.3261
03/05/2007;00:00:01;506028;1.3183;1.3125;1.3069;1.3197
03/12/2007;00:00:01;459446;1.3126;1.3315;1.3104;1.3341
03/26/2007;00:00:01;260556;1.33;1.3352;1.3284;1.3391
04/02/2007;00:00:01;398046;1.3352;1.3367;1.3315;1.3442
04/09/2007;00:00:01;433218;1.3367;1.3523;1.3335;1.3553
04/16/2007;00:00:01;428599;1.3523;1.3599;1.3519;1.3639
04/23/2007;00:00:01;377948;1.3599;1.3623;1.3539;1.3682
04/30/2007;00:00:01;418936;1.3623;1.3591;1.353;1.368
05/07/2007;00:00:01;409170;1.3591;1.3539;1.346;1.3628
05/14/2007;00:00:01;389006;1.354;1.3521;1.3461;1.3611
05/21/2007;00:00:01;384695;1.352;1.3447;1.3408;1.3524
05/28/2007;00:00:01;354138;1.3447;1.3442;1.339;1.3521
06/04/2007;00:00:01;387732;1.3442;1.3356;1.3319;1.3555
06/11/2007;00:00:01;386940;1.3356;1.3386;1.3259;1.3391
06/18/2007;00:00:01;388970;1.3387;1.3464;1.3369;1.3472
06/25/2007;00:00:01;358395;1.3463;1.3536;1.3412;1.3548
07/02/2007;00:00:01;363705;1.3536;1.3621;1.3525;1.3661
07/09/2007;00:00:01;391093;1.3625;1.3772;1.3591;1.3815
07/16/2007;00:00:01;407125;1.3776;1.3838;1.3751;1.3845
07/23/2007;00:00:01;491601;1.3837;1.3633;1.3606;1.3853
07/30/2007;00:00:01;491898;1.3633;1.3817;1.3617;1.3841
08/06/2007;00:00:01;470480;1.3819;1.3691;1.364;1.384
08/13/2007;00:00:01;551680;1.369;1.3471;1.3359;1.371
08/20/2007;00:00:01;489580;1.3474;1.3679;1.3446;1.3684
08/27/2007;00:00:01;466393;1.3679;1.3632;1.3557;1.372
09/03/2007;00:00:01;411418;1.3631;1.3778;1.3548;1.3799
09/10/2007;00:00:01;442578;1.3775;1.386;1.3765;1.3928
09/17/2007;00:00:01;442950;1.386;1.4091;1.3827;1.4121
09/24/2007;00:00:01;486084;1.409;1.4268;1.4056;1.4283
10/01/2007;00:00:01;470862;1.4269;1.4149;1.4031;1.4278
10/08/2007;00:00:01;453580;1.4148;1.4166;1.4009;1.4242
10/15/2007;00:00:01;500630;1.4165;1.4337;1.414;1.4351
10/22/2007;00:00:01;534947;1.4338;1.441;1.4123;1.4423
10/29/2007;00:00:01;428709;1.4414;1.4518;1.4371;1.4529
11/05/2007;00:00:01;559846;1.4476;1.4646;1.4466;1.4753
11/12/2007;00:00:01;540305;1.4522;1.4666;1.4517;1.4726
11/19/2007;00:00:01;573326;1.4667;1.4827;1.463;1.4968
11/26/2007;00:00:01;609300;1.4872;1.4647;1.4624;1.4909
12/03/2007;00:00:01;546547;1.4668;1.4654;1.4523;1.4772
12/10/2007;00:00:01;529134;1.4707;1.4403;1.4379;1.4752
12/17/2007;00:00:01;458839;1.4412;1.4372;1.4307;1.4437
12/24/2007;00:00:01;292790;1.4395;1.4721;1.4383;1.4729
12/31/2007;00:00:01;379451;1.4585;1.4746;1.4573;1.4826
01/07/2008;00:00:01;473515;1.4682;1.4807;1.4636;1.482
01/14/2008;00:00:01;817164;1.4774;1.4596;1.4586;1.4923
01/21/2008;00:00:01;817549;1.4596;1.4691;1.4361;1.478
01/28/2008;00:00:01;780153;1.4688;1.4797;1.4659;1.4949
02/04/2008;00:00:01;832706;1.4799;1.4522;1.4437;1.485
02/11/2008;00:00:01;761491;1.4525;1.4671;1.4478;1.471
02/18/2008;00:00:01;825335;1.467;1.4834;1.4608;1.4863
02/25/2008;00:00:01;963180;1.4836;1.5207;1.4775;1.524
03/03/2008;00:00:01;937738;1.5207;1.5398;1.5142;1.5462
03/10/2008;00:00:01;1011033;1.5396;1.5701;1.5281;1.5742
03/17/2008;00:00:01;1056677;1.5702;1.5431;1.5392;1.5905
03/24/2008;00:00:01;999077;1.5435;1.5797;1.5338;1.586
03/31/2008;00:00:01;919507;1.5797;1.5727;1.5507;1.5899
04/07/2008;00:00:01;953219;1.5731;1.579;1.5624;1.5916
04/14/2008;00:00:01;1046273;1.5786;1.5815;1.5668;1.5984
04/21/2008;00:00:01;1040039;1.5811;1.5631;1.555;1.602
04/28/2008;00:00:01;887536;1.5627;1.5424;1.5359;1.5694
05/05/2008;00:00:01;896837;1.5428;1.5489;1.5281;1.5596
05/12/2008;00:00:01;883373;1.5485;1.5574;1.5362;1.5603
05/19/2008;00:00:01;761963;1.5578;1.5763;1.5481;1.5815
05/26/2008;00:00:01;739488;1.5767;1.5551;1.5459;1.5819
06/02/2008;00:00:01;805749;1.5552;1.5781;1.5363;1.5784
06/09/2008;00:00:01;840075;1.5785;1.5379;1.53;1.5845
06/16/2008;00:00:01;742677;1.5383;1.5611;1.5342;1.5652
06/23/2008;00:00:01;718816;1.5615;1.5785;1.5466;1.5799
06/30/2008;00:00:01;692707;1.5781;1.5706;1.5652;1.5913
07/07/2008;00:00:01;795772;1.5702;1.5945;1.5607;1.5949
07/14/2008;00:00:01;832547;1.5949;1.5848;1.5781;1.6041
07/21/2008;00:00:01;790090;1.5844;1.571;1.5625;1.5946
07/28/2008;00:00:01;753612;1.5706;1.5563;1.5513;1.577
08/04/2008;00:00:01;855700;1.5564;1.5008;1.4993;1.5632
08/11/2008;00:00:01;969542;1.5004;1.47;1.4655;1.5085
08/18/2008;00:00:01;893320;1.47;1.4785;1.4627;1.4909
08/25/2008;00:00:01;1017368;1.4781;1.4671;1.4565;1.4812
09/01/2008;00:00:01;1084836;1.4675;1.426;1.4195;1.4723
09/08/2008;00:00:01;1276505;1.4264;1.4219;1.3877;1.443
09/15/2008;00:00:01;1492759;1.4223;1.4465;1.4069;1.4542
09/22/2008;00:00:01;1250811;1.4469;1.4587;1.4433;1.4867
09/29/2008;00:00:01;1376182;1.4583;1.3783;1.37;1.4583
10/06/2008;00:00:01;1594458;1.3779;1.3396;1.3256;1.3786
10/13/2008;00:00:01;1377054;1.34;1.3412;1.3354;1.3771
10/20/2008;00:00:01;1595792;1.3416;1.2622;1.2494;1.3531
10/27/2008;00:00:01;1670913;1.2618;1.2731;1.2327;1.3295
11/03/2008;00:00:01;1552661;1.2733;1.2716;1.2522;1.3117
11/10/2008;00:00:01;1466844;1.2716;1.2605;1.2435;1.2928
11/17/2008;00:00:01;1595183;1.2601;1.2586;1.242;1.2814
11/24/2008;00:00:01;1479762;1.259;1.2688;1.2561;1.3082
12/01/2008;00:00:01;1318145;1.2692;1.271;1.2546;1.2849
12/08/2008;00:00:01;1538579;1.2711;1.3367;1.271;1.3416
12/15/2008;00:00:01;1854392;1.3369;1.3911;1.3359;1.472
12/22/2008;00:00:01;836864;1.3911;1.4027;1.3898;1.4126
12/29/2008;00:00:01;1052578;1.4031;1.3919;1.3835;1.4363
01/05/2009;00:00:01;1672577;1.3915;1.3475;1.3309;1.3964
01/12/2009;00:00:01;1630675;1.3471;1.3266;1.3022;1.348
01/19/2009;00:00:01;1828559;1.327;1.2973;1.2762;1.3387
01/26/2009;00:00:01;1877057;1.2977;1.2812;1.2761;1.3331
02/02/2009;00:00:01;1742208;1.2808;1.2938;1.2703;1.3072
02/09/2009;00:00:01;1630656;1.2942;1.2861;1.2719;1.3094
02/16/2009;00:00:01;1485589;1.2857;1.2825;1.251;1.2885
02/23/2009;00:00:01;1651108;1.2821;1.2665;1.2602;1.2993
03/02/2009;00:00:01;1471673;1.2661;1.2652;1.2453;1.2755
03/09/2009;00:00:01;1296335;1.2652;1.2929;1.2552;1.2957
03/16/2009;00:00:01;1264479;1.2925;1.3579;1.2834;1.3739
03/23/2009;00:00:01;1177790;1.3583;1.3286;1.3252;1.3737
03/30/2009;00:00:01;1467438;1.3286;1.3481;1.311;1.3517
04/06/2009;00:00:01;1240414;1.3485;1.3187;1.3087;1.3582
04/13/2009;00:00:01;1303424;1.3184;1.3041;1.3016;1.3394
04/20/2009;00:00:01;1265974;1.3045;1.3241;1.2883;1.3302
05/04/2009;00:00:01;1678829;1.3273;1.3634;1.3209;1.3654
05/11/2009;00:00:01;1852534;1.3638;1.3494;1.3459;1.3723
05/18/2009;00:00:01;1767383;1.349;1.3996;1.342;1.4052
05/25/2009;00:00:01;1316419;1.4;1.4154;1.379;1.417
06/01/2009;00:00:01;1532808;1.415;1.396;1.3928;1.4339
06/08/2009;00:00:01;1405121;1.3964;1.3976;1.3802;1.4179
06/15/2009;00:00:01;1389958;1.3976;1.3947;1.3745;1.4014
06/22/2009;00:00:01;885626;1.3947;1.4056;1.3824;1.4139
06/29/2009;00:00:01;1160454;1.406;1.3964;1.3925;1.4201
07/06/2009;00:00:01;1252376;1.396;1.3932;1.3828;1.4074
07/13/2009;00:00:01;1217279;1.3936;1.4095;1.3893;1.4167
07/20/2009;00:00:01;1020136;1.4096;1.4202;1.409;1.4292
07/27/2009;00:00:01;1095885;1.4206;1.4255;1.4003;1.4305
08/03/2009;00:00:01;1314987;1.4254;1.4188;1.4152;1.4449
08/10/2009;00:00:01;1196055;1.4184;1.4203;1.4082;1.4328
08/17/2009;00:00:01;984011;1.4199;1.4321;1.4043;1.4379
08/24/2009;00:00:01;1172180;1.4325;1.4297;1.4202;1.4409
08/31/2009;00:00:01;1047573;1.4301;1.4293;1.4174;1.438
09/07/2009;00:00:01;1050769;1.4297;1.4564;1.4295;1.4634
09/14/2009;00:00:01;1115690;1.4568;1.4715;1.4511;1.4767
09/21/2009;00:00:01;1274377;1.4711;1.4692;1.4608;1.4845
09/28/2009;00:00:01;1280589;1.4696;1.4571;1.4478;1.4721
10/05/2009;00:00:01;1188778;1.4575;1.4729;1.4574;1.4818
10/12/2009;00:00:01;1173244;1.4725;1.4906;1.4674;1.4971
10/19/2009;00:00:01;1231539;1.4905;1.4996;1.4825;1.5061
10/26/2009;00:00:01;1113891;1.4994;1.473;1.468;1.5064
11/02/2009;00:00:01;1105533;1.4726;1.4846;1.4623;1.4918
11/09/2009;00:00:01;1257330;1.485;1.4899;1.4819;1.5051
11/16/2009;00:00:01;1279046;1.4903;1.486;1.4799;1.5016
11/23/2009;00:00:01;1298447;1.4863;1.4986;1.4826;1.5146
11/30/2009;00:00:01;1237399;1.499;1.4856;1.4818;1.5142
12/07/2009;00:00:01;1251138;1.4854;1.4607;1.4584;1.4906
12/14/2009;00:00:01;1251165;1.4611;1.4337;1.4258;1.4686
12/21/2009;00:00:01;728659;1.4333;1.4378;1.4214;1.4438
12/28/2009;00:00:01;616036;1.4378;1.4334;1.4269;1.4459
01/04/2010;00:00:01;1138465;1.433;1.4409;1.4253;1.4485
01/11/2010;00:00:01;1166398;1.4413;1.4386;1.4333;1.4581
01/18/2010;00:00:01;1140681;1.4382;1.4137;1.4024;1.4415
01/25/2010;00:00:01;1087602;1.4141;1.3861;1.3859;1.4195
02/01/2010;00:00:01;1130101;1.3857;1.3677;1.3581;1.4027
02/08/2010;00:00:01;1098595;1.3681;1.3631;1.3527;1.384
02/15/2010;00:00:01;978074;1.3627;1.3609;1.344;1.3791
02/22/2010;00:00:01;1122489;1.3613;1.3629;1.3448;1.3693
03/01/2010;00:00:01;1046580;1.3633;1.3623;1.3433;1.3737
03/08/2010;00:00:01;913515;1.3623;1.3766;1.3533;1.3801
03/15/2010;00:00:01;798974;1.377;1.353;1.3499;1.3819
03/22/2010;00:00:01;1523341;1.3534;1.3408;1.3264;1.3571
03/29/2010;00:00:01;1256560;1.3412;1.3502;1.3381;1.3592
04/05/2010;00:00:01;1287707;1.3498;1.3499;1.3278;1.3539
04/12/2010;00:00:01;1682966;1.3503;1.3503;1.347;1.3693
04/19/2010;00:00:01;1496633;1.3499;1.3384;1.3198;1.3524
04/26/2010;00:00:01;1724149;1.338;1.329;1.3111;1.3417
05/03/2010;00:00:01;2097385;1.3294;1.2752;1.2517;1.3362
05/10/2010;00:00:01;2226853;1.2756;1.2359;1.2351;1.3094
05/17/2010;00:00:01;2619579;1.2355;1.2573;1.214;1.2673
05/24/2010;00:00:01;2233162;1.2569;1.228;1.2149;1.2569
05/31/2010;00:00:01;1858792;1.2276;1.1966;1.1953;1.2354
06/07/2010;00:00:01;1963816;1.1962;1.2111;1.1874;1.2154
06/14/2010;00:00:01;1791815;1.2115;1.2389;1.2111;1.2417
06/21/2010;00:00:01;1108458;1.2451;1.2376;1.2088;1.2461
06/28/2010;00:00:01;1317382;1.2372;1.2551;1.2148;1.2612
07/05/2010;00:00:01;1306284;1.2555;1.264;1.2477;1.2723
07/12/2010;00:00:01;1382708;1.2636;1.2928;1.2521;1.3008
07/19/2010;00:00:01;1352868;1.2924;1.2903;1.2728;1.3029
07/26/2010;00:00:01;1369936;1.2899;1.3049;1.2873;1.3108
08/02/2010;00:00:01;1136508;1.3053;1.3281;1.3049;1.3335
08/09/2010;00:00:01;1307187;1.3285;1.2751;1.2745;1.3309
08/16/2010;00:00:01;1379507;1.2755;1.2706;1.266;1.2922
08/23/2010;00:00:01;1788954;1.2703;1.2761;1.2583;1.278
08/30/2010;00:00:01;1527336;1.2758;1.2895;1.2621;1.2898
09/06/2010;00:00:01;1657637;1.2891;1.2671;1.2641;1.292
09/13/2010;00:00:01;1985729;1.2675;1.3051;1.2675;1.316
09/20/2010;00:00:01;2078823;1.3055;1.3487;1.303;1.3496
09/27/2010;00:00:01;2320353;1.3485;1.3788;1.3377;1.3795
10/04/2010;00:00:01;2291770;1.3792;1.3941;1.3634;1.403
10/11/2010;00:00:01;2245032;1.3945;1.3976;1.3772;1.416
10/18/2010;00:00:01;2546886;1.398;1.3953;1.3695;1.4051
10/25/2010;00:00:01;2496093;1.3957;1.3946;1.3731;1.4081
11/01/2010;00:00:01;2139903;1.395;1.4029;1.3861;1.4283
11/08/2010;00:00:01;2525865;1.4033;1.369;1.357;1.4086
11/15/2010;00:00:01;1930502;1.3694;1.3671;1.2088;1.3751
11/22/2010;00:00:01;2082119;1.3675;1.324;1.3197;1.3787
11/29/2010;00:00:01;2227201;1.3244;1.3414;1.2965;1.3439
12/06/2010;00:00:01;2114494;1.341;1.3225;1.3162;1.3423
12/13/2010;00:00:01;1987767;1.3221;1.3186;1.313;1.3498
12/20/2010;00:00:01;1524951;1.3182;1.312;1.3049;1.3203
12/27/2010;00:00:01;1440823;1.3116;1.3381;1.3069;1.3425
01/03/2011;00:00:01;2069133;1.3377;1.2906;1.2902;1.3435
01/10/2011;00:00:01;1885179;1.2902;1.3387;1.2869;1.3458
01/17/2011;00:00:01;2156432;1.3391;1.3619;1.3242;1.3626
01/24/2011;00:00:01;2236459;1.3615;1.3608;1.3536;1.3759
01/31/2011;00:00:01;2182039;1.3604;1.358;1.3539;1.3863
02/07/2011;00:00:01;2245436;1.3576;1.3555;1.3494;1.3745
02/14/2011;00:00:01;2138850;1.3551;1.3692;1.3425;1.3716
02/21/2011;00:00:01;1949427;1.3696;1.3754;1.3523;1.3839
02/28/2011;00:00:01;1860470;1.3754;1.3986;1.3708;1.4009
03/07/2011;00:00:01;2028766;1.3982;1.3901;1.3749;1.4037
03/14/2011;00:00:01;2523211;1.3905;1.418;1.3852;1.4186
03/21/2011;00:00:01;2052801;1.4184;1.4084;1.4049;1.425
03/28/2011;00:00:01;2125108;1.408;1.4232;1.4017;1.4246
04/04/2011;00:00:01;2064237;1.4228;1.4478;1.4148;1.4489
04/11/2011;00:00:01;2264544;1.4474;1.4427;1.4362;1.4521
04/18/2011;00:00:01;2022580;1.4423;1.4558;1.4154;1.4651
04/25/2011;00:00:01;1999712;1.456;1.4809;1.4491;1.4883
05/02/2011;00:00:01;2653508;1.4813;1.4321;1.4306;1.4941
05/09/2011;00:00:01;2183801;1.4325;1.411;1.4063;1.4424
05/16/2011;00:00:01;2890135;1.4106;1.4157;1.4044;1.4346
05/23/2011;00:00:01;2898132;1.4153;1.431;1.3966;1.4325
05/30/2011;00:00:01;2536578;1.4314;1.4636;1.4253;1.4643
06/06/2011;00:00:01;2707938;1.4632;1.4347;1.4319;1.4697
06/13/2011;00:00:01;2960612;1.4343;1.4301;1.4069;1.4498
06/20/2011;00:00:01;2747567;1.4257;1.4187;1.4123;1.4443
06/27/2011;00:00:01;2851528;1.4191;1.4526;1.4099;1.4553
07/04/2011;00:00:01;2552253;1.453;1.4264;1.4204;1.4579
07/11/2011;00:00:01;3326222;1.426;1.4153;1.3834;1.4283
07/18/2011;00:00:01;2843606;1.4149;1.4355;1.4009;1.4439
07/25/2011;00:00:01;2024287;1.4355;1.4398;1.4226;1.4537
08/01/2011;00:00:01;2974244;1.4394;1.4277;1.4052;1.4454
08/08/2011;00:00:01;3312306;1.4277;1.4244;1.41;1.4403
08/15/2011;00:00:01;2130126;1.4248;1.4393;1.4244;1.4517
08/22/2011;00:00:01;2074631;1.4389;1.4498;1.4325;1.4502
08/29/2011;00:00:01;1913945;1.4496;1.4205;1.4181;1.4551
09/05/2011;00:00:01;2787901;1.4201;1.3656;1.3624;1.428
09/12/2011;00:00:01;3332929;1.3656;1.3681;1.3493;1.3938
09/19/2011;00:00:01;1661222;1.368;1.351665;1.338475;1.379835
09/26/2011;00:00:01;1454665;1.351655;1.335705;1;1.36902
10/03/2011;00:00:01;1328793.74;1.33576;1.340015;1.314655;1.35246
10/10/2011;00:00:01;1420145.61;1.340055;1.387325;1.33936;1.389405
10/17/2011;00:00:01;1512572.94;1.387335;1.38503;1.365295;1.391425
10/24/2011;00:00:01;1423486.77;1.38503;1.413835;1.37985;1.42469
10/31/2011;00:00:01;1612570.25;1.413825;1.37881;1.36082;1.41707
11/07/2011;00:00:01;1432285.92;1.37881;1.37848;1.34842;1.38592
11/14/2011;00:00:01;1460679.72;1.37846;1.353615;1.34219;1.37893
11/21/2011;00:00:01;1251969.72;1.353605;1.33097;1.32125;1.356865
11/28/2011;00:00:01;1283830.4;1.330985;1.341605;1.32595;1.354865
12/05/2011;00:00:01;1163199.13;1.34162;1.33708;1.328145;1.348655
12/12/2011;00:00:01;1323471.59;1.33708;1.303615;1.29464;1.33774
12/19/2011;00:00:01;1245901.03;1.303605;1.304215;1.298305;1.319765
12/26/2011;00:00:01;961443.73;1.30422;1.29459;1.285775;1.308345
01/02/2012;00:00:01;1302048.33;1.2946;1.267905;1.26658;1.3077
01/09/2012;00:00:01;1683545.57;1.267905;1.264755;1.262425;1.28785
01/16/2012;00:00:01;1469877.53;1.264755;1.28875;1.26262;1.29864
01/23/2012;00:00:01;1244180.11;1.288705;1.32072;1.28831;1.322765
01/30/2012;00:00:01;1547483.17;1.32072;1.312435;1.302625;1.32184
02/06/2012;00:00:01;1425788.04;1.312435;1.324025;1.302785;1.33215
02/13/2012;00:00:01;1373392.48;1.324025;1.32236;1.297475;1.32841
02/20/2012;00:00:01;1218307.91;1.32236;1.346785;1.31823;1.34863
02/27/2012;00:00:01;1370716.82;1.34674;1.31856;1.31827;1.34856
03/05/2012;00:00:01;1243257.91;1.31855;1.312225;1.309635;1.32915
03/12/2012;00:00:01;1165051.14;1.31222;1.31765;1.30041;1.31917
03/19/2012;00:00:01;1103681.93;1.317635;1.328285;1.313395;1.329375
03/26/2012;00:00:01;1145024.55;1.32834;1.335695;1.319195;1.33857
04/02/2012;00:00:01;837166.2;1.335685;1.30858;1.30354;1.338065
04/09/2012;00:00:01;1098214.12;1.30858;1.304345;1.303355;1.321285
04/16/2012;00:00:01;1251342.36;1.304375;1.320755;1.2995;1.322735
04/23/2012;00:00:01;1168441.71;1.320765;1.323985;1.310475;1.327025
04/30/2012;00:00:01;1004801.79;1.323965;1.296145;1.29553;1.328375
05/07/2012;00:00:01;1330006.17;1.29615;1.289745;1.288185;1.306575
05/14/2012;00:00:01;1428619.62;1.289765;1.277175;1.264205;1.29045
05/21/2012;00:00:01;1486347.81;1.277195;1.256625;1.24965;1.282455
05/28/2012;00:00:01;1406335.63;1.25663;1.239875;1.22883;1.26245
06/04/2012;00:00:01;1365059.39;1.239875;1.264455;1.23861;1.266895
06/11/2012;00:00:01;1398923.89;1.26445;1.270455;1.244285;1.274805
06/18/2012;00:00:01;1384118.37;1.270455;1.253795;1.251945;1.274295
